812.98,71.72,0,1,80010011,78
812.98,71.72,86,1,80010012,78
812.98,71.72,172,1,80010013,78
812.98,71.72,258,1,80010014,48
812.98,71.72,314,1,80010015,94
764.82,71.72,0,1,80010021,78
764.82,71.72,86,1,80010022,78
764.82,71.72,172,1,80010023,78
764.82,71.72,258,1,80010024,48
764.82,71.72,314,1,80010025,94
716.66,71.72,0,1,80010031,78
716.66,71.72,86,1,80010032,78
716.66,71.72,172,1,80010033,78
716.66,71.72,258,1,80010034,48
716.66,71.72,314,1,80010035,94
668.50,71.72,0,1,80010041,78
668.50,71.72,86,1,80010042,78
668.50,71.72,172,1,80010043,78
668.50,71.72,258,1,80010044,48
668.50,71.72,314,1,80010045,94
620.34,71.72,0,1,80010051,78
620.34,71.72,86,1,80010052,78
620.34,71.72,172,1,80010053,78
620.34,71.72,258,1,80010054,48
620.34,71.72,314,1,80010055,94
572.18,71.72,0,1,80010061,78
572.18,71.72,86,1,80010062,78
572.18,71.72,172,1,80010063,78
572.18,71.72,258,1,80010064,48
572.18,71.72,314,1,80010065,94
524.02,71.72,0,1,80010071,78
524.02,71.72,86,1,80010072,78
524.02,71.72,172,1,80010073,78
524.02,71.72,258,1,80010074,48
524.02,71.72,314,1,80010075,78
475.86,71.72,0,1,80010081,78
475.86,71.72,86,1,80010082,78
475.86,71.72,172,1,80010083,78
475.86,71.72,258,1,80010084,48
475.86,71.72,314,1,80010085,94
427.70,71.72,0,1,80010091,78
427.70,71.72,86,1,80010092,78
427.70,71.72,172,1,80010093,78
427.70,71.72,258,1,80010094,48
427.70,71.72,314,1,80010095,94
379.54,71.72,0,1,80010101,78
379.54,71.72,86,1,80010102,78
379.54,71.72,172,1,80010103,78
379.54,71.72,258,1,80010104,48
379.54,71.72,314,1,80010105,94
331.38,71.72,0,1,80010111,78
331.38,71.72,86,1,80010112,78
331.38,71.72,172,1,80010113,78
331.38,71.72,258,1,80010114,48
331.38,71.72,314,1,80010115,94
283.22,71.72,0,1,80010121,78
283.22,71.72,86,1,80010122,78
283.22,71.72,172,1,80010123,78
283.22,71.72,258,1,80010124,48
283.22,71.72,314,1,80010125,94
235.06,71.72,0,1,80010131,78
235.06,71.72,86,1,80010132,78
235.06,71.72,172,1,80010133,78
235.06,71.72,258,1,80010134,48
235.06,71.72,314,1,80010135,71
186.90,71.72,0,1,80010141,78
186.90,71.72,86,1,80010142,78
186.90,71.72,172,1,80010143,78
186.90,71.72,258,1,80010144,48
186.90,71.72,314,1,80010145,71
138.74,71.72,0,1,80010151,78
138.74,71.72,86,1,80010152,78
138.74,71.72,172,1,80010153,78
138.74,71.72,258,1,80010154,48
138.74,71.72,314,1,80010155,94
90.58,71.72,0,1,80010161,78
90.58,71.72,86,1,80010162,78
90.58,71.72,172,1,80010163,78
90.58,71.72,258,1,80010164,48
90.58,71.72,314,1,80010165,94
42.42,71.72,0,1,80010171,78
42.42,71.72,86,1,80010172,78
42.42,71.72,172,1,80010173,78
42.42,71.72,258,1,80010174,48
42.42,71.72,314,1,80010175,94
919.16,235.43,0,2,80020011,86
919.16,235.43,94,2,80020012,84
919.16,235.43,186,2,80020013,56
919.16,235.43,250,2,80020014,56
919.16,235.43,314,2,80020015,78
789.69,236.62,0,2,80020021,86
789.69,236.62,94,2,80020022,84
789.69,236.62,186,2,80020023,56
789.69,236.62,250,2,80020024,56
789.69,236.62,314,2,80020025,78
919.16,289.89,0,2,80020031,86
919.16,289.89,94,2,80020032,84
919.16,289.89,186,2,80020033,56
919.16,289.89,250,2,80020034,56
919.16,289.89,314,2,80020035,78
789.69,291.00,0,2,80020041,86
789.69,291.00,94,2,80020042,84
789.69,291.00,186,2,80020043,56
789.69,291.00,250,2,80020044,56
789.69,291.00,314,2,80020045,78
919.16,344.35,0,2,80020051,86
919.16,344.35,94,2,80020052,84
919.16,344.35,186,2,80020053,56
919.16,344.35,250,2,80020054,56
919.16,344.35,314,2,80020055,78
789.69,345.38,0,2,80020061,86
789.69,345.38,94,2,80020062,84
789.69,345.38,186,2,80020063,56
789.69,345.38,250,2,80020064,56
789.69,345.38,314,2,80020065,78
919.16,441.92,0,2,80020071,86
919.16,441.92,94,2,80020072,84
919.16,441.92,186,2,80020073,56
919.16,441.92,250,2,80020074,56
919.16,441.92,314,2,80020075,78
789.69,445.32,0,2,80020081,86
789.69,445.32,94,2,80020082,84
789.69,445.32,186,2,80020083,56
789.69,445.32,250,2,80020084,56
789.69,445.32,314,2,80020085,78
919.16,496.38,0,2,80020091,86
919.16,496.38,94,2,80020092,84
919.16,496.38,186,2,80020093,56
919.16,496.38,250,2,80020094,56
919.16,496.38,314,2,80020095,78
789.69,499.70,0,2,80020101,86
789.69,499.70,94,2,80020102,84
789.69,499.70,186,2,80020103,56
789.69,499.70,250,2,80020104,56
789.69,499.70,314,2,80020105,78
919.16,550.84,0,2,80020111,86
919.16,550.84,94,2,80020112,84
919.16,550.84,186,2,80020113,56
919.16,550.84,250,2,80020114,56
919.16,550.84,314,2,80020115,78
789.69,554.08,0,2,80020121,86
789.69,554.08,94,2,80020122,84
789.69,554.08,186,2,80020123,56
789.69,554.08,250,2,80020124,56
789.69,554.08,314,2,80020125,78
919.16,605.30,0,2,80020131,86
919.16,605.30,94,2,80020132,84
919.16,605.30,186,2,80020133,56
919.16,605.30,250,2,80020134,56
919.16,605.30,314,2,80020135,78
789.69,608.46,0,2,80020141,86
789.69,608.46,94,2,80020142,84
789.69,608.46,186,2,80020143,56
789.69,608.46,250,2,80020144,56
789.69,608.46,314,2,80020145,78
919.16,659.76,0,2,80020151,86
919.16,659.76,94,2,80020152,84
919.16,659.76,186,2,80020153,56
919.16,659.76,250,2,80020154,56
919.16,659.76,314,2,80020155,78
789.69,662.84,0,2,80020161,86
789.69,662.84,94,2,80020162,84
789.69,662.84,186,2,80020163,56
789.69,662.84,250,2,80020164,56
789.69,662.84,314,2,80020165,78
919.16,714.22,0,2,80020171,86
919.16,714.22,94,2,80020172,84
919.16,714.22,186,2,80020173,56
919.16,714.22,250,2,80020174,56
919.16,714.22,314,2,80020175,78
789.69,717.22,0,2,80020181,86
789.69,717.22,94,2,80020182,84
789.69,717.22,186,2,80020183,56
789.69,717.22,250,2,80020184,56
789.69,717.22,314,2,80020185,78
919.16,768.68,0,2,80020191,86
919.16,768.68,94,2,80020192,84
919.16,768.68,186,2,80020193,56
919.16,768.68,250,2,80020194,56
919.16,768.68,314,2,80020195,78
789.69,771.60,0,2,80020201,86
789.69,771.60,94,2,80020202,84
789.69,771.60,186,2,80020203,56
789.69,771.60,250,2,80020204,56
789.69,771.60,314,2,80020205,78
919.16,838.53,0,2,80020211,86
919.16,838.53,94,2,80020212,84
919.16,838.53,186,2,80020213,56
919.16,838.53,250,2,80020214,56
919.16,838.53,314,2,80020215,78
789.69,843.05,0,2,80020221,86
789.69,843.05,94,2,80020222,84
789.69,843.05,186,2,80020223,56
789.69,843.05,250,2,80020224,56
789.69,843.05,314,2,80020225,78
919.16,892.99,0,2,80020231,86
919.16,892.99,94,2,80020232,84
919.16,892.99,186,2,80020233,56
919.16,892.99,250,2,80020234,56
919.16,892.99,314,2,80020235,78
789.69,897.43,0,2,80020241,86
789.69,897.43,94,2,80020242,84
789.69,897.43,186,2,80020243,56
789.69,897.43,250,2,80020244,56
789.69,897.43,314,2,80020245,78
919.16,947.45,0,2,80020251,86
919.16,947.45,94,2,80020252,84
919.16,947.45,186,2,80020253,56
919.16,947.45,250,2,80020254,56
919.16,947.45,314,2,80020255,78
789.69,951.81,0,2,80020261,86
789.69,951.81,94,2,80020262,84
789.69,951.81,186,2,80020263,56
789.69,951.81,250,2,80020264,56
789.69,951.81,314,2,80020265,78
919.16,1001.91,0,2,80020271,86
919.16,1001.91,94,2,80020272,84
919.16,1001.91,186,2,80020273,56
919.16,1001.91,250,2,80020274,56
919.16,1001.91,314,2,80020275,78
789.69,1006.19,0,2,80020281,86
789.69,1006.19,94,2,80020282,84
789.69,1006.19,186,2,80020283,56
789.69,1006.19,250,2,80020284,56
789.69,1006.19,314,2,80020285,78
919.16,1056.37,0,2,80020291,86
919.16,1056.37,94,2,80020292,84
919.16,1056.37,186,2,80020293,56
919.16,1056.37,250,2,80020294,56
919.16,1056.37,314,2,80020295,78
789.69,1060.57,0,2,80020301,86
789.69,1060.57,94,2,80020302,84
789.69,1060.57,186,2,80020303,56
789.69,1060.57,250,2,80020304,56
789.69,1060.57,314,2,80020305,78
919.16,1110.83,0,2,80020311,86
919.16,1110.83,94,2,80020312,84
919.16,1110.83,186,2,80020313,56
919.16,1110.83,250,2,80020314,56
919.16,1110.83,314,2,80020315,78
789.69,1114.95,0,2,80020321,86
789.69,1114.95,94,2,80020322,84
789.69,1114.95,186,2,80020323,56
789.69,1114.95,250,2,80020324,56
789.69,1114.95,314,2,80020325,78
919.16,1165.29,0,2,80020331,86
919.16,1165.29,94,2,80020332,84
919.16,1165.29,186,2,80020333,56
919.16,1165.29,250,2,80020334,56
919.16,1165.29,314,2,80020335,78
789.69,1169.33,0,2,80020341,86
789.69,1169.33,94,2,80020342,84
789.69,1169.33,186,2,80020343,56
789.69,1169.33,250,2,80020344,56
789.69,1169.33,314,2,80020345,78
919.16,1237.87,0,2,80020351,86
919.16,1237.87,94,2,80020352,84
919.16,1237.87,186,2,80020353,56
919.16,1237.87,250,2,80020354,56
919.16,1237.87,314,2,80020355,78
789.69,1239.86,0,2,80020361,86
789.69,1239.86,94,2,80020362,84
789.69,1239.86,186,2,80020363,56
789.69,1239.86,250,2,80020364,56
789.69,1239.86,314,2,80020365,78
919.16,1292.33,0,2,80020371,86
919.16,1292.33,94,2,80020372,84
919.16,1292.33,186,2,80020373,56
919.16,1292.33,250,2,80020374,56
919.16,1292.33,314,2,80020375,78
789.69,1294.24,0,2,80020381,86
789.69,1294.24,94,2,80020382,84
789.69,1294.24,186,2,80020383,56
789.69,1294.24,250,2,80020384,56
789.69,1294.24,314,2,80020385,78
919.16,1346.79,0,2,80020391,86
919.16,1346.79,94,2,80020392,84
919.16,1346.79,186,2,80020393,56
919.16,1346.79,250,2,80020394,56
919.16,1346.79,314,2,80020395,78
789.69,1348.62,0,2,80020401,86
789.69,1348.62,94,2,80020402,84
789.69,1348.62,186,2,80020403,56
789.69,1348.62,250,2,80020404,56
789.69,1348.62,314,2,80020405,78
919.16,1401.25,0,2,80020411,86
919.16,1401.25,94,2,80020412,84
919.16,1401.25,186,2,80020413,56
919.16,1401.25,250,2,80020414,56
919.16,1401.25,314,2,80020415,78
789.69,1403.00,0,2,80020421,86
789.69,1403.00,94,2,80020422,84
789.69,1403.00,186,2,80020423,56
789.69,1403.00,250,2,80020424,56
789.69,1403.00,314,2,80020425,78
919.16,1455.71,0,2,80020431,86
919.16,1455.71,94,2,80020432,84
919.16,1455.71,186,2,80020433,56
919.16,1455.71,250,2,80020434,56
919.16,1455.71,314,2,80020435,78
789.69,1457.38,0,2,80020441,86
789.69,1457.38,94,2,80020442,84
789.69,1457.38,186,2,80020443,56
789.69,1457.38,250,2,80020444,56
789.69,1457.38,314,2,80020445,78
919.16,1510.17,0,2,80020451,86
919.16,1510.17,94,2,80020452,84
919.16,1510.17,186,2,80020453,56
919.16,1510.17,250,2,80020454,56
919.16,1510.17,314,2,80020455,78
789.69,1511.76,0,2,80020461,86
789.69,1511.76,94,2,80020462,84
789.69,1511.76,186,2,80020463,56
789.69,1511.76,250,2,80020464,56
789.69,1511.76,314,2,80020465,78
919.16,1564.63,0,2,80020471,86
919.16,1564.63,94,2,80020472,84
919.16,1564.63,186,2,80020473,56
919.16,1564.63,250,2,80020474,56
919.16,1564.63,314,2,80020475,78
789.69,1566.14,0,2,80020481,86
789.69,1566.14,94,2,80020482,84
789.69,1566.14,186,2,80020483,56
789.69,1566.14,250,2,80020484,56
789.69,1566.14,314,2,80020485,78
919.16,1635.75,0,2,80020491,86
919.16,1635.75,94,2,80020492,84
919.16,1635.75,186,2,80020493,56
919.16,1635.75,250,2,80020494,56
919.16,1635.75,314,2,80020495,78
789.69,1691.19,0,2,80020501,86
789.69,1691.19,94,2,80020502,84
789.69,1691.19,186,2,80020503,56
789.69,1691.19,250,2,80020504,56
789.69,1691.19,314,2,80020505,78
919.16,1690.21,0,2,80020511,86
919.16,1690.21,94,2,80020512,84
919.16,1690.21,186,2,80020513,56
919.16,1690.21,250,2,80020514,56
919.16,1690.21,314,2,80020515,78
789.69,1745.57,0,2,80020521,86
789.69,1745.57,94,2,80020522,84
789.69,1745.57,186,2,80020523,56
789.69,1745.57,250,2,80020524,56
789.69,1745.57,314,2,80020525,78
919.16,1744.67,0,2,80020531,86
919.16,1744.67,94,2,80020532,84
919.16,1744.67,186,2,80020533,56
919.16,1744.67,250,2,80020534,56
919.16,1744.67,314,2,80020535,78
789.69,1799.95,0,2,80020541,86
789.69,1799.95,94,2,80020542,84
789.69,1799.95,186,2,80020543,56
789.69,1799.95,250,2,80020544,56
789.69,1799.95,314,2,80020545,78
919.16,1799.13,0,2,80020551,86
919.16,1799.13,94,2,80020552,84
919.16,1799.13,186,2,80020553,56
919.16,1799.13,250,2,80020554,56
919.16,1799.13,314,2,80020555,78
789.69,1854.34,0,2,80020561,86
789.69,1854.34,94,2,80020562,84
789.69,1854.34,186,2,80020563,56
789.69,1854.34,250,2,80020564,56
789.69,1854.34,314,2,80020565,78
919.16,1853.59,0,2,80020571,86
919.16,1853.59,94,2,80020572,84
919.16,1853.59,186,2,80020573,56
919.16,1853.59,250,2,80020574,56
919.16,1853.59,314,2,80020575,78
789.69,1908.72,0,2,80020581,86
789.69,1908.72,94,2,80020582,84
789.69,1908.72,186,2,80020583,56
789.69,1908.72,250,2,80020584,56
789.69,1908.72,314,2,80020585,78
919.16,1908.05,0,2,80020591,86
919.16,1908.05,94,2,80020592,84
919.16,1908.05,186,2,80020593,56
919.16,1908.05,250,2,80020594,56
919.16,1908.05,314,2,80020595,78
789.69,1963.10,0,2,80020601,86
789.69,1963.10,94,2,80020602,84
789.69,1963.10,186,2,80020603,56
789.69,1963.10,250,2,80020604,56
789.69,1963.10,314,2,80020605,78
919.16,1962.51,0,2,80020611,86
919.16,1962.51,94,2,80020612,84
919.16,1962.51,186,2,80020613,56
919.16,1962.51,250,2,80020614,56
919.16,1962.51,314,2,80020615,78
789.69,2033.11,0,2,80020621,86
789.69,2033.11,94,2,80020622,84
789.69,2033.11,186,2,80020623,56
789.69,2033.11,250,2,80020624,56
789.69,2033.11,314,2,80020625,78
919.16,2033.25,0,2,80020631,86
919.16,2033.25,94,2,80020632,84
919.16,2033.25,186,2,80020633,56
919.16,2033.25,250,2,80020634,56
919.16,2033.25,314,2,80020635,78
789.69,2087.49,0,2,80020641,86
789.69,2087.49,94,2,80020642,84
789.69,2087.49,186,2,80020643,56
789.69,2087.49,250,2,80020644,56
789.69,2087.49,314,2,80020645,78
919.16,2087.71,0,2,80020651,86
919.16,2087.71,94,2,80020652,84
919.16,2087.71,186,2,80020653,56
919.16,2087.71,250,2,80020654,56
919.16,2087.71,314,2,80020655,78
789.69,2141.87,0,2,80020661,86
789.69,2141.87,94,2,80020662,84
789.69,2141.87,186,2,80020663,56
789.69,2141.87,250,2,80020664,56
789.69,2141.87,314,2,80020665,78
919.16,2142.17,0,2,80020671,86
919.16,2142.17,94,2,80020672,84
919.16,2142.17,186,2,80020673,56
919.16,2142.17,250,2,80020674,56
919.16,2142.17,314,2,80020675,78
789.69,2196.25,0,2,80020681,86
789.69,2196.25,94,2,80020682,84
789.69,2196.25,186,2,80020683,56
789.69,2196.25,250,2,80020684,56
789.69,2196.25,314,2,80020685,78
919.16,2196.63,0,2,80020691,86
919.16,2196.63,94,2,80020692,84
919.16,2196.63,186,2,80020693,56
919.16,2196.63,250,2,80020694,56
919.16,2196.63,314,2,80020695,78
789.69,2250.63,0,2,80020701,86
789.69,2250.63,94,2,80020702,84
789.69,2250.63,186,2,80020703,56
789.69,2250.63,250,2,80020704,56
789.69,2250.63,314,2,80020705,78
919.16,2251.09,0,2,80020711,86
919.16,2251.09,94,2,80020712,84
919.16,2251.09,186,2,80020713,56
919.16,2251.09,250,2,80020714,56
919.16,2251.09,314,2,80020715,78
789.69,2305.01,0,2,80020721,86
789.69,2305.01,94,2,80020722,84
789.69,2305.01,186,2,80020723,56
789.69,2305.01,250,2,80020724,56
789.69,2305.01,314,2,80020725,78
919.16,2305.55,0,2,80020731,86
919.16,2305.55,94,2,80020732,84
919.16,2305.55,186,2,80020733,56
919.16,2305.55,250,2,80020734,56
919.16,2305.55,314,2,80020735,78
789.69,2359.39,0,2,80020741,86
789.69,2359.39,94,2,80020742,84
789.69,2359.39,186,2,80020743,56
789.69,2359.39,250,2,80020744,56
789.69,2359.39,314,2,80020745,78
919.16,2360.01,0,2,80020751,86
919.16,2360.01,94,2,80020752,84
919.16,2360.01,186,2,80020753,56
919.16,2360.01,250,2,80020754,56
919.16,2360.01,314,2,80020755,78
789.69,2432.49,0,2,80020761,86
789.69,2432.49,94,2,80020762,84
789.69,2432.49,186,2,80020763,56
789.69,2432.49,250,2,80020764,56
789.69,2432.49,314,2,80020765,78
919.16,2431.25,0,2,80020771,86
919.16,2431.25,94,2,80020772,84
919.16,2431.25,186,2,80020773,56
919.16,2431.25,250,2,80020774,56
919.16,2431.25,314,2,80020775,78
789.69,2486.87,0,2,80020781,86
789.69,2486.87,94,2,80020782,84
789.69,2486.87,186,2,80020783,56
789.69,2486.87,250,2,80020784,56
789.69,2486.87,314,2,80020785,78
919.16,2485.71,0,2,80020791,86
919.16,2485.71,94,2,80020792,84
919.16,2485.71,186,2,80020793,56
919.16,2485.71,250,2,80020794,56
919.16,2485.71,314,2,80020795,78
789.69,2541.25,0,2,80020801,86
789.69,2541.25,94,2,80020802,84
789.69,2541.25,186,2,80020803,56
789.69,2541.25,250,2,80020804,56
789.69,2541.25,314,2,80020805,78
919.16,2540.17,0,2,80020811,86
919.16,2540.17,94,2,80020812,84
919.16,2540.17,186,2,80020813,56
919.16,2540.17,250,2,80020814,56
919.16,2540.17,314,2,80020815,78
789.69,2595.63,0,2,80020821,86
789.69,2595.63,94,2,80020822,84
789.69,2595.63,186,2,80020823,56
789.69,2595.63,250,2,80020824,56
789.69,2595.63,314,2,80020825,78
919.16,2594.63,0,2,80020831,86
919.16,2594.63,94,2,80020832,84
919.16,2594.63,186,2,80020833,56
919.16,2594.63,250,2,80020834,56
919.16,2594.63,314,2,80020835,78
789.69,2650.01,0,2,80020841,86
789.69,2650.01,94,2,80020842,84
789.69,2650.01,186,2,80020843,56
789.69,2650.01,250,2,80020844,56
789.69,2650.01,314,2,80020845,78
919.16,2649.09,0,2,80020851,86
919.16,2649.09,94,2,80020852,84
919.16,2649.09,186,2,80020853,56
919.16,2649.09,250,2,80020854,56
919.16,2649.09,314,2,80020855,78
789.69,2704.39,0,2,80020861,86
789.69,2704.39,94,2,80020862,84
789.69,2704.39,186,2,80020863,56
789.69,2704.39,250,2,80020864,56
789.69,2704.39,314,2,80020865,78
919.16,2703.55,0,2,80020871,86
919.16,2703.55,94,2,80020872,84
919.16,2703.55,186,2,80020873,56
919.16,2703.55,250,2,80020874,56
919.16,2703.55,314,2,80020875,78
789.69,2758.77,0,2,80020881,86
789.69,2758.77,94,2,80020882,84
789.69,2758.77,186,2,80020883,56
789.69,2758.77,250,2,80020884,56
789.69,2758.77,314,2,80020885,78
919.16,2758.01,0,2,80020891,86
919.16,2758.01,94,2,80020892,84
919.16,2758.01,186,2,80020893,56
919.16,2758.01,250,2,80020894,56
919.16,2758.01,314,2,80020895,78
789.69,2830.24,0,2,80020901,86
789.69,2830.24,94,2,80020902,84
789.69,2830.24,186,2,80020903,56
789.69,2830.24,250,2,80020904,56
789.69,2830.24,314,2,80020905,78
919.16,2829.00,0,2,80020911,86
919.16,2829.00,94,2,80020912,84
919.16,2829.00,186,2,80020913,56
919.16,2829.00,250,2,80020914,56
919.16,2829.00,314,2,80020915,78
789.69,2884.62,0,2,80020921,86
789.69,2884.62,94,2,80020922,84
789.69,2884.62,186,2,80020923,56
789.69,2884.62,250,2,80020924,56
789.69,2884.62,314,2,80020925,78
919.16,2883.46,0,2,80020931,86
919.16,2883.46,94,2,80020932,84
919.16,2883.46,186,2,80020933,56
919.16,2883.46,250,2,80020934,56
919.16,2883.46,314,2,80020935,78
789.69,2939.00,0,2,80020941,86
789.69,2939.00,94,2,80020942,84
789.69,2939.00,186,2,80020943,56
789.69,2939.00,250,2,80020944,56
789.69,2939.00,314,2,80020945,78
919.16,2937.92,0,2,80020951,86
919.16,2937.92,94,2,80020952,84
919.16,2937.92,186,2,80020953,56
919.16,2937.92,250,2,80020954,56
919.16,2937.92,314,2,80020955,78
789.69,2993.38,0,2,80020961,86
789.69,2993.38,94,2,80020962,84
789.69,2993.38,186,2,80020963,56
789.69,2993.38,250,2,80020964,56
789.69,2993.38,314,2,80020965,78
919.16,2992.38,0,2,80020971,86
919.16,2992.38,94,2,80020972,84
919.16,2992.38,186,2,80020973,56
919.16,2992.38,250,2,80020974,56
919.16,2992.38,314,2,80020975,78
789.69,3047.76,0,2,80020981,86
789.69,3047.76,94,2,80020982,84
789.69,3047.76,186,2,80020983,56
789.69,3047.76,250,2,80020984,56
789.69,3047.76,314,2,80020985,78
919.16,3046.84,0,2,80020991,86
919.16,3046.84,94,2,80020992,84
919.16,3046.84,186,2,80020993,56
919.16,3046.84,250,2,80020994,56
919.16,3046.84,314,2,80020995,78
789.69,3102.14,0,2,80021001,86
789.69,3102.14,94,2,80021002,84
789.69,3102.14,186,2,80021003,56
789.69,3102.14,250,2,80021004,56
789.69,3102.14,314,2,80021005,78
919.16,3101.30,0,2,80021011,86
919.16,3101.30,94,2,80021012,84
919.16,3101.30,186,2,80021013,56
919.16,3101.30,250,2,80021014,56
919.16,3101.30,314,2,80021015,78
789.69,3156.52,0,2,80021021,86
789.69,3156.52,94,2,80021022,84
789.69,3156.52,186,2,80021023,56
789.69,3156.52,250,2,80021024,56
789.69,3156.52,314,2,80021025,78
919.16,3155.76,0,2,80021031,86
919.16,3155.76,94,2,80021032,84
919.16,3155.76,186,2,80021033,56
919.16,3155.76,250,2,80021034,56
919.16,3155.76,314,2,80021035,78
789.69,3226.62,0,2,80021041,86
789.69,3226.62,94,2,80021042,84
789.69,3226.62,186,2,80021043,56
789.69,3226.62,250,2,80021044,56
789.69,3226.62,314,2,80021045,78
919.16,3225.91,0,2,80021051,86
919.16,3225.91,94,2,80021052,84
919.16,3225.91,186,2,80021053,56
919.16,3225.91,250,2,80021054,56
919.16,3225.91,314,2,80021055,78
789.69,3281.01,0,2,80021061,86
789.69,3281.01,94,2,80021062,84
789.69,3281.01,186,2,80021063,56
789.69,3281.01,250,2,80021064,56
789.69,3281.01,314,2,80021065,78
919.16,3280.37,0,2,80021071,86
919.16,3280.37,94,2,80021072,84
919.16,3280.37,186,2,80021073,56
919.16,3280.37,250,2,80021074,56
919.16,3280.37,314,2,80021075,78
789.69,3335.39,0,2,80021081,86
789.69,3335.39,94,2,80021082,84
789.69,3335.39,186,2,80021083,56
789.69,3335.39,250,2,80021084,56
789.69,3335.39,314,2,80021085,78
919.16,3334.83,0,2,80021091,86
919.16,3334.83,94,2,80021092,84
919.16,3334.83,186,2,80021093,56
919.16,3334.83,250,2,80021094,56
919.16,3334.83,314,2,80021095,78
789.69,3389.78,0,2,80021101,86
789.69,3389.78,94,2,80021102,84
789.69,3389.78,186,2,80021103,56
789.69,3389.78,250,2,80021104,56
789.69,3389.78,314,2,80021105,78
919.16,3389.29,0,2,80021111,86
919.16,3389.29,94,2,80021112,84
919.16,3389.29,186,2,80021113,56
919.16,3389.29,250,2,80021114,56
919.16,3389.29,314,2,80021115,78
789.69,3462.99,0,2,80021121,86
789.69,3462.99,94,2,80021122,84
789.69,3462.99,186,2,80021123,56
789.69,3462.99,250,2,80021124,56
789.69,3462.99,314,2,80021125,78
919.16,3462.37,0,2,80021131,86
919.16,3462.37,94,2,80021132,84
919.16,3462.37,186,2,80021133,56
919.16,3462.37,250,2,80021134,56
919.16,3462.37,314,2,80021135,78
789.69,3517.37,0,2,80021141,86
789.69,3517.37,94,2,80021142,84
789.69,3517.37,186,2,80021143,56
789.69,3517.37,250,2,80021144,56
789.69,3517.37,314,2,80021145,78
919.16,3516.83,0,2,80021151,86
919.16,3516.83,94,2,80021152,84
919.16,3516.83,186,2,80021153,56
919.16,3516.83,250,2,80021154,56
919.16,3516.83,314,2,80021155,78
789.69,3571.75,0,2,80021161,86
789.69,3571.75,94,2,80021162,84
789.69,3571.75,186,2,80021163,56
789.69,3571.75,250,2,80021164,56
789.69,3571.75,314,2,80021165,78
919.16,3571.29,0,2,80021171,86
919.16,3571.29,94,2,80021172,84
919.16,3571.29,186,2,80021173,56
919.16,3571.29,250,2,80021174,56
919.16,3571.29,314,2,80021175,78
789.69,3626.13,0,2,80021181,86
789.69,3626.13,94,2,80021182,84
789.69,3626.13,186,2,80021183,56
789.69,3626.13,250,2,80021184,56
789.69,3626.13,314,2,80021185,78
919.16,3625.75,0,2,80021191,86
919.16,3625.75,94,2,80021192,84
919.16,3625.75,186,2,80021193,56
919.16,3625.75,250,2,80021194,56
919.16,3625.75,314,2,80021195,78
789.69,3680.51,0,2,80021201,86
789.69,3680.51,94,2,80021202,84
789.69,3680.51,186,2,80021203,56
789.69,3680.51,250,2,80021204,56
789.69,3680.51,314,2,80021205,78
919.16,3680.21,0,2,80021211,86
919.16,3680.21,94,2,80021212,84
919.16,3680.21,186,2,80021213,56
919.16,3680.21,250,2,80021214,56
919.16,3680.21,314,2,80021215,78
789.69,3734.89,0,2,80021221,86
789.69,3734.89,94,2,80021222,84
789.69,3734.89,186,2,80021223,56
789.69,3734.89,250,2,80021224,56
789.69,3734.89,314,2,80021225,78
919.16,3734.67,0,2,80021231,86
919.16,3734.67,94,2,80021232,84
919.16,3734.67,186,2,80021233,56
919.16,3734.67,250,2,80021234,56
919.16,3734.67,314,2,80021235,78
789.69,3789.27,0,2,80021241,86
789.69,3789.27,94,2,80021242,84
789.69,3789.27,186,2,80021243,56
789.69,3789.27,250,2,80021244,56
789.69,3789.27,314,2,80021245,78
919.16,3789.13,0,2,80021251,86
919.16,3789.13,94,2,80021252,84
919.16,3789.13,186,2,80021253,56
919.16,3789.13,250,2,80021254,56
919.16,3789.13,314,2,80021255,78
789.69,3886.47,0,2,80021261,86
789.69,3886.47,94,2,80021262,84
789.69,3886.47,186,2,80021263,56
789.69,3886.47,250,2,80021264,56
789.69,3886.47,314,2,80021265,78
975.00,3863.50,0,1,80021271,78
975.00,3863.50,86,1,80021272,78
975.00,3863.50,172,1,80021273,78
975.00,3863.50,258,1,80021274,48
975.00,3863.50,314,1,80021275,100
789.69,3940.86,0,2,80021281,86
789.69,3940.86,94,2,80021282,84
789.69,3940.86,186,2,80021283,56
789.69,3940.86,250,2,80021284,56
789.69,3940.86,314,2,80021285,78
975.00,3916.50,0,1,80021291,78
975.00,3916.50,86,1,80021292,78
975.00,3916.50,172,1,80021293,78
975.00,3916.50,258,1,80021294,48
975.00,3916.50,314,1,80021295,100
975.00,3969.50,0,1,80021311,78
975.00,3969.50,86,1,80021312,78
975.00,3969.50,172,1,80021313,78
975.00,3969.50,258,1,80021314,48
975.00,3969.50,314,1,80021315,100
594.03,237.65,0,2,80030011,100
594.03,237.65,108,2,80030012,100
594.03,237.65,216,2,80030013,100
594.03,237.65,324,2,80030014,100
458.85,237.32,0,2,80030021,100
458.85,237.32,108,2,80030022,100
458.85,237.32,216,2,80030023,100
458.85,237.32,324,2,80030024,100
594.03,291.99,0,2,80030031,100
594.03,291.99,108,2,80030032,100
594.03,291.99,216,2,80030033,100
594.03,291.99,324,2,80030034,100
458.85,291.58,0,2,80030041,100
458.85,291.58,108,2,80030042,100
458.85,291.58,216,2,80030043,100
458.85,291.58,324,2,80030044,100
594.03,346.33,0,2,80030051,100
594.03,346.33,108,2,80030052,100
594.03,346.33,216,2,80030053,100
594.03,346.33,324,2,80030054,100
458.85,345.84,0,2,80030061,100
458.85,345.84,108,2,80030062,100
458.85,345.84,216,2,80030063,100
458.85,345.84,324,2,80030064,100
594.03,400.67,0,2,80030071,100
594.03,400.67,108,2,80030072,100
594.03,400.67,216,2,80030073,100
594.03,400.67,324,2,80030074,100
458.85,443.02,0,2,80030081,100
458.85,443.02,108,2,80030082,100
458.85,443.02,216,2,80030083,100
458.85,443.02,324,2,80030084,100
594.03,455.01,0,2,80030091,100
594.03,455.01,108,2,80030092,100
594.03,455.01,216,2,80030093,100
594.03,455.01,324,2,80030094,100
458.85,497.28,0,2,80030101,100
458.85,497.28,108,2,80030102,100
458.85,497.28,216,2,80030103,100
458.85,497.28,324,2,80030104,100
594.03,509.35,0,2,80030111,100
594.03,509.35,108,2,80030112,100
594.03,509.35,216,2,80030113,100
594.03,509.35,324,2,80030114,100
458.85,551.54,0,2,80030121,100
458.85,551.54,108,2,80030122,100
458.85,551.54,216,2,80030123,100
458.85,551.54,324,2,80030124,100
594.03,563.69,0,2,80030131,100
594.03,563.69,108,2,80030132,100
594.03,563.69,216,2,80030133,100
594.03,563.69,324,2,80030134,100
458.85,605.80,0,2,80030141,100
458.85,605.80,108,2,80030142,100
458.85,605.80,216,2,80030143,100
458.85,605.80,324,2,80030144,100
594.03,618.03,0,2,80030151,100
594.03,618.03,108,2,80030152,100
594.03,618.03,216,2,80030153,100
594.03,618.03,324,2,80030154,100
458.85,660.06,0,2,80030161,100
458.85,660.06,108,2,80030162,100
458.85,660.06,216,2,80030163,100
458.85,660.06,324,2,80030164,100
594.03,672.37,0,2,80030171,100
594.03,672.37,108,2,80030172,100
594.03,672.37,216,2,80030173,100
594.03,672.37,324,2,80030174,100
458.85,714.32,0,2,80030181,100
458.85,714.32,108,2,80030182,100
458.85,714.32,216,2,80030183,100
458.85,714.32,324,2,80030184,100
594.03,726.71,0,2,80030191,100
594.03,726.71,108,2,80030192,100
594.03,726.71,216,2,80030193,100
594.03,726.71,324,2,80030194,100
458.85,768.58,0,2,80030201,100
458.85,768.58,108,2,80030202,100
458.85,768.58,216,2,80030203,100
458.85,768.58,324,2,80030204,100
594.03,781.05,0,2,80030211,100
594.03,781.05,108,2,80030212,100
594.03,781.05,216,2,80030213,100
594.03,781.05,324,2,80030214,100
458.85,841.17,0,2,80030221,100
458.85,841.17,108,2,80030222,100
458.85,841.17,216,2,80030223,100
458.85,841.17,324,2,80030224,100
594.03,835.39,0,2,80030231,100
594.03,835.39,108,2,80030232,100
594.03,835.39,216,2,80030233,100
594.03,835.39,324,2,80030234,100
458.85,895.43,0,2,80030241,100
458.85,895.43,108,2,80030242,100
458.85,895.43,216,2,80030243,100
458.85,895.43,324,2,80030244,100
594.03,889.73,0,2,80030251,100
594.03,889.73,108,2,80030252,100
594.03,889.73,216,2,80030253,100
594.03,889.73,324,2,80030254,100
458.85,949.69,0,2,80030261,100
458.85,949.69,108,2,80030262,100
458.85,949.69,216,2,80030263,100
458.85,949.69,324,2,80030264,100
594.03,944.07,0,2,80030271,100
594.03,944.07,108,2,80030272,100
594.03,944.07,216,2,80030273,100
594.03,944.07,324,2,80030274,100
458.85,1003.95,0,2,80030281,100
458.85,1003.95,108,2,80030282,100
458.85,1003.95,216,2,80030283,100
458.85,1003.95,324,2,80030284,100
594.03,998.41,0,2,80030291,100
594.03,998.41,108,2,80030292,100
594.03,998.41,216,2,80030293,100
594.03,998.41,324,2,80030294,100
458.85,1058.21,0,2,80030301,100
458.85,1058.21,108,2,80030302,100
458.85,1058.21,216,2,80030303,100
458.85,1058.21,324,2,80030304,100
594.03,1052.75,0,2,80030311,100
594.03,1052.75,108,2,80030312,100
594.03,1052.75,216,2,80030313,100
594.03,1052.75,324,2,80030314,100
458.85,1112.47,0,2,80030321,100
458.85,1112.47,108,2,80030322,100
458.85,1112.47,216,2,80030323,100
458.85,1112.47,324,2,80030324,100
594.03,1107.09,0,2,80030331,100
594.03,1107.09,108,2,80030332,100
594.03,1107.09,216,2,80030333,100
594.03,1107.09,324,2,80030334,100
458.85,1166.73,0,2,80030341,100
458.85,1166.73,108,2,80030342,100
458.85,1166.73,216,2,80030343,100
458.85,1166.73,324,2,80030344,100
594.03,1161.43,0,2,80030351,100
594.03,1161.43,108,2,80030352,100
594.03,1161.43,216,2,80030353,100
594.03,1161.43,324,2,80030354,100
458.85,1241.10,0,2,80030361,100
458.85,1241.10,108,2,80030362,100
458.85,1241.10,216,2,80030363,100
458.85,1241.10,324,2,80030364,100
594.03,1215.77,0,2,80030371,100
594.03,1215.77,108,2,80030372,100
594.03,1215.77,216,2,80030373,100
594.03,1215.77,324,2,80030374,100
458.85,1295.36,0,2,80030381,100
458.85,1295.36,108,2,80030382,100
458.85,1295.36,216,2,80030383,100
458.85,1295.36,324,2,80030384,100
594.03,1270.11,0,2,80030391,100
594.03,1270.11,108,2,80030392,100
594.03,1270.11,216,2,80030393,100
594.03,1270.11,324,2,80030394,100
458.85,1349.62,0,2,80030401,100
458.85,1349.62,108,2,80030402,100
458.85,1349.62,216,2,80030403,100
458.85,1349.62,324,2,80030404,100
594.03,1324.45,0,2,80030411,100
594.03,1324.45,108,2,80030412,100
594.03,1324.45,216,2,80030413,100
594.03,1324.45,324,2,80030414,100
458.85,1403.88,0,2,80030421,100
458.85,1403.88,108,2,80030422,100
458.85,1403.88,216,2,80030423,100
458.85,1403.88,324,2,80030424,100
594.03,1378.79,0,2,80030431,100
594.03,1378.79,108,2,80030432,100
594.03,1378.79,216,2,80030433,100
594.03,1378.79,324,2,80030434,100
458.85,1458.14,0,2,80030441,100
458.85,1458.14,108,2,80030442,100
458.85,1458.14,216,2,80030443,100
458.85,1458.14,324,2,80030444,100
594.03,1433.13,0,2,80030451,100
594.03,1433.13,108,2,80030452,100
594.03,1433.13,216,2,80030453,100
594.03,1433.13,324,2,80030454,100
458.85,1512.40,0,2,80030461,100
458.85,1512.40,108,2,80030462,100
458.85,1512.40,216,2,80030463,100
458.85,1512.40,324,2,80030464,100
594.03,1487.47,0,2,80030471,100
594.03,1487.47,108,2,80030472,100
594.03,1487.47,216,2,80030473,100
594.03,1487.47,324,2,80030474,100
458.85,1566.66,0,2,80030481,100
458.85,1566.66,108,2,80030482,100
458.85,1566.66,216,2,80030483,100
458.85,1566.66,324,2,80030484,100
594.03,1541.81,0,2,80030491,100
594.03,1541.81,108,2,80030492,100
594.03,1541.81,216,2,80030493,100
594.03,1541.81,324,2,80030494,100
458.85,1638.72,0,2,80030501,100
458.85,1638.72,108,2,80030502,100
458.85,1638.72,216,2,80030503,100
458.85,1638.72,324,2,80030504,100
594.03,1596.15,0,2,80030511,100
594.03,1596.15,108,2,80030512,100
594.03,1596.15,216,2,80030513,100
594.03,1596.15,324,2,80030514,100
458.85,1692.98,0,2,80030521,100
458.85,1692.98,108,2,80030522,100
458.85,1692.98,216,2,80030523,100
458.85,1692.98,324,2,80030524,100
594.03,1647.50,0,2,80030531,100
594.03,1647.50,108,2,80030532,100
594.03,1647.50,216,2,80030533,100
594.03,1647.50,324,2,80030534,100
458.85,1747.24,0,2,80030541,100
458.85,1747.24,108,2,80030542,100
458.85,1747.24,216,2,80030543,100
458.85,1747.24,324,2,80030544,100
594.03,1711.94,0,2,80030551,100
594.03,1711.94,108,2,80030552,100
594.03,1711.94,216,2,80030553,100
594.03,1711.94,324,2,80030554,100
458.85,1801.50,0,2,80030561,100
458.85,1801.50,108,2,80030562,100
458.85,1801.50,216,2,80030563,100
458.85,1801.50,324,2,80030564,100
594.03,1766.28,0,2,80030571,100
594.03,1766.28,108,2,80030572,100
594.03,1766.28,216,2,80030573,100
594.03,1766.28,324,2,80030574,100
458.85,1855.76,0,2,80030581,100
458.85,1855.76,108,2,80030582,100
458.85,1855.76,216,2,80030583,100
458.85,1855.76,324,2,80030584,100
594.03,1820.62,0,2,80030591,100
594.03,1820.62,108,2,80030592,100
594.03,1820.62,216,2,80030593,100
594.03,1820.62,324,2,80030594,100
458.85,1910.02,0,2,80030601,100
458.85,1910.02,108,2,80030602,100
458.85,1910.02,216,2,80030603,100
458.85,1910.02,324,2,80030604,100
594.03,1874.96,0,2,80030611,100
594.03,1874.96,108,2,80030612,100
594.03,1874.96,216,2,80030613,100
594.03,1874.96,324,2,80030614,100
458.85,1964.28,0,2,80030621,100
458.85,1964.28,108,2,80030622,100
458.85,1964.28,216,2,80030623,100
458.85,1964.28,324,2,80030624,100
594.03,1929.30,0,2,80030631,100
594.03,1929.30,108,2,80030632,100
594.03,1929.30,216,2,80030633,100
594.03,1929.30,324,2,80030634,100
458.85,2038.22,0,2,80030641,100
458.85,2038.22,108,2,80030642,100
458.85,2038.22,216,2,80030643,100
458.85,2038.22,324,2,80030644,100
594.03,1983.64,0,2,80030651,100
594.03,1983.64,108,2,80030652,100
594.03,1983.64,216,2,80030653,100
594.03,1983.64,324,2,80030654,100
458.85,2092.48,0,2,80030661,100
458.85,2092.48,108,2,80030662,100
458.85,2092.48,216,2,80030663,100
458.85,2092.48,324,2,80030664,100
594.03,2037.98,0,2,80030671,100
594.03,2037.98,108,2,80030672,100
594.03,2037.98,216,2,80030673,100
594.03,2037.98,324,2,80030674,100
458.85,2146.74,0,2,80030681,100
458.85,2146.74,108,2,80030682,100
458.85,2146.74,216,2,80030683,100
458.85,2146.74,324,2,80030684,100
594.03,2092.32,0,2,80030691,100
594.03,2092.32,108,2,80030692,100
594.03,2092.32,216,2,80030693,100
594.03,2092.32,324,2,80030694,100
458.85,2201.00,0,2,80030701,100
458.85,2201.00,108,2,80030702,100
458.85,2201.00,216,2,80030703,100
458.85,2201.00,324,2,80030704,100
594.03,2146.66,0,2,80030711,100
594.03,2146.66,108,2,80030712,100
594.03,2146.66,216,2,80030713,100
594.03,2146.66,324,2,80030714,100
458.85,2255.26,0,2,80030721,100
458.85,2255.26,108,2,80030722,100
458.85,2255.26,216,2,80030723,100
458.85,2255.26,324,2,80030724,100
594.03,2201.00,0,2,80030731,100
594.03,2201.00,108,2,80030732,100
594.03,2201.00,216,2,80030733,100
594.03,2201.00,324,2,80030734,100
458.85,2309.52,0,2,80030741,100
458.85,2309.52,108,2,80030742,100
458.85,2309.52,216,2,80030743,100
458.85,2309.52,324,2,80030744,100
594.03,2255.34,0,2,80030751,100
594.03,2255.34,108,2,80030752,100
594.03,2255.34,216,2,80030753,100
594.03,2255.34,324,2,80030754,100
458.85,2363.78,0,2,80030761,100
458.85,2363.78,108,2,80030762,100
458.85,2363.78,216,2,80030763,100
458.85,2363.78,324,2,80030764,100
594.03,2309.68,0,2,80030771,100
594.03,2309.68,108,2,80030772,100
594.03,2309.68,216,2,80030773,100
594.03,2309.68,324,2,80030774,100
458.85,2433.72,0,2,80030781,100
458.85,2433.72,108,2,80030782,100
458.85,2433.72,216,2,80030783,100
458.85,2433.72,324,2,80030784,100
594.03,2364.02,0,2,80030791,100
594.03,2364.02,108,2,80030792,100
594.03,2364.02,216,2,80030793,100
594.03,2364.02,324,2,80030794,100
458.85,2487.98,0,2,80030801,100
458.85,2487.98,108,2,80030802,100
458.85,2487.98,216,2,80030803,100
458.85,2487.98,324,2,80030804,100
594.03,2418.36,0,2,80030811,100
594.03,2418.36,108,2,80030812,100
594.03,2418.36,216,2,80030813,100
594.03,2418.36,324,2,80030814,100
458.85,2542.24,0,2,80030821,100
458.85,2542.24,108,2,80030822,100
458.85,2542.24,216,2,80030823,100
458.85,2542.24,324,2,80030824,100
594.03,2472.70,0,2,80030831,100
594.03,2472.70,108,2,80030832,100
594.03,2472.70,216,2,80030833,100
594.03,2472.70,324,2,80030834,100
458.85,2596.50,0,2,80030841,100
458.85,2596.50,108,2,80030842,100
458.85,2596.50,216,2,80030843,100
458.85,2596.50,324,2,80030844,100
594.03,2527.04,0,2,80030851,100
594.03,2527.04,108,2,80030852,100
594.03,2527.04,216,2,80030853,100
594.03,2527.04,324,2,80030854,100
458.85,2650.76,0,2,80030861,100
458.85,2650.76,108,2,80030862,100
458.85,2650.76,216,2,80030863,100
458.85,2650.76,324,2,80030864,100
594.03,2581.38,0,2,80030871,100
594.03,2581.38,108,2,80030872,100
594.03,2581.38,216,2,80030873,100
594.03,2581.38,324,2,80030874,100
458.85,2705.02,0,2,80030881,100
458.85,2705.02,108,2,80030882,100
458.85,2705.02,216,2,80030883,100
458.85,2705.02,324,2,80030884,100
594.03,2635.72,0,2,80030891,100
594.03,2635.72,108,2,80030892,100
594.03,2635.72,216,2,80030893,100
594.03,2635.72,324,2,80030894,100
458.85,2759.28,0,2,80030901,100
458.85,2759.28,108,2,80030902,100
458.85,2759.28,216,2,80030903,100
458.85,2759.28,324,2,80030904,100
594.03,2690.06,0,2,80030911,100
594.03,2690.06,108,2,80030912,100
594.03,2690.06,216,2,80030913,100
594.03,2690.06,324,2,80030914,100
458.85,2832.85,0,2,80030921,100
458.85,2832.85,108,2,80030922,100
458.85,2832.85,216,2,80030923,100
458.85,2832.85,324,2,80030924,100
594.03,2744.40,0,2,80030931,100
594.03,2744.40,108,2,80030932,100
594.03,2744.40,216,2,80030933,100
594.03,2744.40,324,2,80030934,100
458.85,2887.11,0,2,80030941,100
458.85,2887.11,108,2,80030942,100
458.85,2887.11,216,2,80030943,100
458.85,2887.11,324,2,80030944,100
594.03,2798.74,0,2,80030951,100
594.03,2798.74,108,2,80030952,100
594.03,2798.74,216,2,80030953,100
594.03,2798.74,324,2,80030954,100
458.85,2941.37,0,2,80030961,100
458.85,2941.37,108,2,80030962,100
458.85,2941.37,216,2,80030963,100
458.85,2941.37,324,2,80030964,100
594.03,2853.07,0,2,80030971,100
594.03,2853.07,108,2,80030972,100
594.03,2853.07,216,2,80030973,100
594.03,2853.07,324,2,80030974,100
458.85,2995.63,0,2,80030981,100
458.85,2995.63,108,2,80030982,100
458.85,2995.63,216,2,80030983,100
458.85,2995.63,324,2,80030984,100
594.03,2907.41,0,2,80030991,100
594.03,2907.41,108,2,80030992,100
594.03,2907.41,216,2,80030993,100
594.03,2907.41,324,2,80030994,100
458.85,3049.89,0,2,80031001,100
458.85,3049.89,108,2,80031002,100
458.85,3049.89,216,2,80031003,100
458.85,3049.89,324,2,80031004,100
594.03,2961.75,0,2,80031011,100
594.03,2961.75,108,2,80031012,100
594.03,2961.75,216,2,80031013,100
594.03,2961.75,324,2,80031014,100
458.85,3104.15,0,2,80031021,100
458.85,3104.15,108,2,80031022,100
458.85,3104.15,216,2,80031023,100
458.85,3104.15,324,2,80031024,100
594.03,3016.09,0,2,80031031,100
594.03,3016.09,108,2,80031032,100
594.03,3016.09,216,2,80031033,100
594.03,3016.09,324,2,80031034,100
458.85,3158.41,0,2,80031041,100
458.85,3158.41,108,2,80031042,100
458.85,3158.41,216,2,80031043,100
458.85,3158.41,324,2,80031044,100
594.03,3070.43,0,2,80031051,100
594.03,3070.43,108,2,80031052,100
594.03,3070.43,216,2,80031053,100
594.03,3070.43,324,2,80031054,100
458.85,3229.61,0,2,80031061,100
458.85,3229.61,108,2,80031062,100
458.85,3229.61,216,2,80031063,100
458.85,3229.61,324,2,80031064,100
594.03,3124.77,0,2,80031071,100
594.03,3124.77,108,2,80031072,100
594.03,3124.77,216,2,80031073,100
594.03,3124.77,324,2,80031074,100
458.85,3283.87,0,2,80031081,100
458.85,3283.87,108,2,80031082,100
458.85,3283.87,216,2,80031083,100
458.85,3283.87,324,2,80031084,100
594.03,3179.11,0,2,80031091,100
594.03,3179.11,108,2,80031092,100
594.03,3179.11,216,2,80031093,100
594.03,3179.11,324,2,80031094,100
458.85,3338.13,0,2,80031101,100
458.85,3338.13,108,2,80031102,100
458.85,3338.13,216,2,80031103,100
458.85,3338.13,324,2,80031104,100
594.03,3233.45,0,2,80031111,100
594.03,3233.45,108,2,80031112,100
594.03,3233.45,216,2,80031113,100
594.03,3233.45,324,2,80031114,100
458.85,3392.39,0,2,80031121,100
458.85,3392.39,108,2,80031122,100
458.85,3392.39,216,2,80031123,100
458.85,3392.39,324,2,80031124,100
594.03,3287.79,0,2,80031131,100
594.03,3287.79,108,2,80031132,100
594.03,3287.79,216,2,80031133,100
594.03,3287.79,324,2,80031134,100
458.85,3465.22,0,2,80031141,100
458.85,3465.22,108,2,80031142,100
458.85,3465.22,216,2,80031143,100
458.85,3465.22,324,2,80031144,100
594.03,3342.13,0,2,80031151,100
594.03,3342.13,108,2,80031152,100
594.03,3342.13,216,2,80031153,100
594.03,3342.13,324,2,80031154,100
458.85,3519.48,0,2,80031161,100
458.85,3519.48,108,2,80031162,100
458.85,3519.48,216,2,80031163,100
458.85,3519.48,324,2,80031164,100
594.03,3396.47,0,2,80031171,100
594.03,3396.47,108,2,80031172,100
594.03,3396.47,216,2,80031173,100
594.03,3396.47,324,2,80031174,100
458.85,3573.74,0,2,80031181,100
458.85,3573.74,108,2,80031182,100
458.85,3573.74,216,2,80031183,100
458.85,3573.74,324,2,80031184,100
594.03,3450.81,0,2,80031191,100
594.03,3450.81,108,2,80031192,100
594.03,3450.81,216,2,80031193,100
594.03,3450.81,324,2,80031194,100
458.85,3628.00,0,2,80031201,100
458.85,3628.00,108,2,80031202,100
458.85,3628.00,216,2,80031203,100
458.85,3628.00,324,2,80031204,100
594.03,3505.15,0,2,80031211,100
594.03,3505.15,108,2,80031212,100
594.03,3505.15,216,2,80031213,100
594.03,3505.15,324,2,80031214,100
458.85,3682.26,0,2,80031221,100
458.85,3682.26,108,2,80031222,100
458.85,3682.26,216,2,80031223,100
458.85,3682.26,324,2,80031224,100
594.03,3559.49,0,2,80031231,100
594.03,3559.49,108,2,80031232,100
594.03,3559.49,216,2,80031233,100
594.03,3559.49,324,2,80031234,100
458.85,3736.52,0,2,80031241,100
458.85,3736.52,108,2,80031242,100
458.85,3736.52,216,2,80031243,100
458.85,3736.52,324,2,80031244,100
594.03,3613.83,0,2,80031251,100
594.03,3613.83,108,2,80031252,100
594.03,3613.83,216,2,80031253,100
594.03,3613.83,324,2,80031254,100
458.85,3790.78,0,2,80031261,100
458.85,3790.78,108,2,80031262,100
458.85,3790.78,216,2,80031263,100
458.85,3790.78,324,2,80031264,100
594.03,3668.17,0,2,80031271,100
594.03,3668.17,108,2,80031272,100
594.03,3668.17,216,2,80031273,100
594.03,3668.17,324,2,80031274,100
458.85,3888.54,0,2,80031281,100
458.85,3888.54,108,2,80031282,100
458.85,3888.54,216,2,80031283,100
458.85,3888.54,324,2,80031284,100
594.03,3722.51,0,2,80031291,100
594.03,3722.51,108,2,80031292,100
594.03,3722.51,216,2,80031293,100
594.03,3722.51,324,2,80031294,100
458.85,3942.80,0,2,80031301,100
458.85,3942.80,108,2,80031302,100
458.85,3942.80,216,2,80031303,100
458.85,3942.80,324,2,80031304,100
594.03,3776.85,0,2,80031311,100
594.03,3776.85,108,2,80031312,100
594.03,3776.85,216,2,80031313,100
594.03,3776.85,324,2,80031314,100
594.03,3831.19,0,2,80031331,100
594.03,3831.19,108,2,80031332,100
594.03,3831.19,216,2,80031333,100
594.03,3831.19,324,2,80031334,100
594.03,3885.53,0,2,80031351,100
594.03,3885.53,108,2,80031352,100
594.03,3885.53,216,2,80031353,100
594.03,3885.53,324,2,80031354,100
594.03,3939.87,0,2,80031371,100
594.03,3939.87,108,2,80031372,100
594.03,3939.87,216,2,80031373,100
594.03,3939.87,324,2,80031374,100
263.74,236.53,0,2,80040011,100
263.74,236.53,108,2,80040012,100
263.74,236.53,216,2,80040013,100
263.74,236.53,324,2,80040014,100
115.64,238.52,0,2,80040021,100
115.64,238.52,108,2,80040022,100
115.64,238.52,216,2,80040023,100
115.64,238.52,324,2,80040024,100
263.74,290.87,0,2,80040031,100
263.74,290.87,108,2,80040032,100
263.74,290.87,216,2,80040033,100
263.74,290.87,324,2,80040034,100
115.64,292.69,0,2,80040041,100
115.64,292.69,108,2,80040042,100
115.64,292.69,216,2,80040043,100
115.64,292.69,324,2,80040044,100
263.74,345.21,0,2,80040051,100
263.74,345.21,108,2,80040052,100
263.74,345.21,216,2,80040053,100
263.74,345.21,324,2,80040054,100
115.64,346.86,0,2,80040061,100
115.64,346.86,108,2,80040062,100
115.64,346.86,216,2,80040063,100
115.64,346.86,324,2,80040064,100
263.74,399.55,0,2,80040071,100
263.74,399.55,108,2,80040072,100
263.74,399.55,216,2,80040073,100
263.74,399.55,324,2,80040074,100
115.64,401.03,0,2,80040081,100
115.64,401.03,108,2,80040082,100
115.64,401.03,216,2,80040083,100
115.64,401.03,324,2,80040084,100
263.74,453.89,0,2,80040091,100
263.74,453.89,108,2,80040092,100
263.74,453.89,216,2,80040093,100
263.74,453.89,324,2,80040094,100
115.64,455.20,0,2,80040101,100
115.64,455.20,108,2,80040102,100
115.64,455.20,216,2,80040103,100
115.64,455.20,324,2,80040104,100
263.74,508.23,0,2,80040111,100
263.74,508.23,108,2,80040112,100
263.74,508.23,216,2,80040113,100
263.74,508.23,324,2,80040114,100
115.64,509.37,0,2,80040121,100
115.64,509.37,108,2,80040122,100
115.64,509.37,216,2,80040123,100
115.64,509.37,324,2,80040124,100
263.74,562.57,0,2,80040131,100
263.74,562.57,108,2,80040132,100
263.74,562.57,216,2,80040133,100
263.74,562.57,324,2,80040134,100
115.64,563.54,0,2,80040141,100
115.64,563.54,108,2,80040142,100
115.64,563.54,216,2,80040143,100
115.64,563.54,324,2,80040144,100
263.74,616.91,0,2,80040151,100
263.74,616.91,108,2,80040152,100
263.74,616.91,216,2,80040153,100
263.74,616.91,324,2,80040154,100
115.64,617.71,0,2,80040161,100
115.64,617.71,108,2,80040162,100
115.64,617.71,216,2,80040163,100
115.64,617.71,324,2,80040164,100
263.74,671.25,0,2,80040171,100
263.74,671.25,108,2,80040172,100
263.74,671.25,216,2,80040173,100
263.74,671.25,324,2,80040174,100
115.64,671.88,0,2,80040181,100
115.64,671.88,108,2,80040182,100
115.64,671.88,216,2,80040183,100
115.64,671.88,324,2,80040184,100
263.74,725.59,0,2,80040191,100
263.74,725.59,108,2,80040192,100
263.74,725.59,216,2,80040193,100
263.74,725.59,324,2,80040194,100
115.64,726.05,0,2,80040201,100
115.64,726.05,108,2,80040202,100
115.64,726.05,216,2,80040203,100
115.64,726.05,324,2,80040204,100
263.74,779.93,0,2,80040211,100
263.74,779.93,108,2,80040212,100
263.74,779.93,216,2,80040213,100
263.74,779.93,324,2,80040214,100
115.64,780.22,0,2,80040221,100
115.64,780.22,108,2,80040222,100
115.64,780.22,216,2,80040223,100
115.64,780.22,324,2,80040224,100
263.74,834.27,0,2,80040231,100
263.74,834.27,108,2,80040232,100
263.74,834.27,216,2,80040233,100
263.74,834.27,324,2,80040234,100
115.64,834.39,0,2,80040241,100
115.64,834.39,108,2,80040242,100
115.64,834.39,216,2,80040243,100
115.64,834.39,324,2,80040244,100
263.74,888.61,0,2,80040251,100
263.74,888.61,108,2,80040252,100
263.74,888.61,216,2,80040253,100
263.74,888.61,324,2,80040254,100
115.64,888.56,0,2,80040261,100
115.64,888.56,108,2,80040262,100
115.64,888.56,216,2,80040263,100
115.64,888.56,324,2,80040264,100
263.74,942.96,0,2,80040271,100
263.74,942.96,108,2,80040272,100
263.74,942.96,216,2,80040273,100
263.74,942.96,324,2,80040274,100
115.64,942.73,0,2,80040281,100
115.64,942.73,108,2,80040282,100
115.64,942.73,216,2,80040283,100
115.64,942.73,324,2,80040284,100
263.74,997.30,0,2,80040291,100
263.74,997.30,108,2,80040292,100
263.74,997.30,216,2,80040293,100
263.74,997.30,324,2,80040294,100
115.64,996.90,0,2,80040301,100
115.64,996.90,108,2,80040302,100
115.64,996.90,216,2,80040303,100
115.64,996.90,324,2,80040304,100
263.74,1051.64,0,2,80040311,100
263.74,1051.64,108,2,80040312,100
263.74,1051.64,216,2,80040313,100
263.74,1051.64,324,2,80040314,100
115.64,1051.07,0,2,80040321,100
115.64,1051.07,108,2,80040322,100
115.64,1051.07,216,2,80040323,100
115.64,1051.07,324,2,80040324,100
263.74,1105.98,0,2,80040331,100
263.74,1105.98,108,2,80040332,100
263.74,1105.98,216,2,80040333,100
263.74,1105.98,324,2,80040334,100
115.64,1105.24,0,2,80040341,100
115.64,1105.24,108,2,80040342,100
115.64,1105.24,216,2,80040343,100
115.64,1105.24,324,2,80040344,100
263.74,1160.32,0,2,80040351,100
263.74,1160.32,108,2,80040352,100
263.74,1160.32,216,2,80040353,100
263.74,1160.32,324,2,80040354,100
115.64,1159.41,0,2,80040361,100
115.64,1159.41,108,2,80040362,100
115.64,1159.41,216,2,80040363,100
115.64,1159.41,324,2,80040364,100
263.74,1214.66,0,2,80040371,100
263.74,1214.66,108,2,80040372,100
263.74,1214.66,216,2,80040373,100
263.74,1214.66,324,2,80040374,100
115.64,1213.58,0,2,80040381,100
115.64,1213.58,108,2,80040382,100
115.64,1213.58,216,2,80040383,100
115.64,1213.58,324,2,80040384,100
263.74,1269.00,0,2,80040391,100
263.74,1269.00,108,2,80040392,100
263.74,1269.00,216,2,80040393,100
263.74,1269.00,324,2,80040394,100
115.64,1267.75,0,2,80040401,100
115.64,1267.75,108,2,80040402,100
115.64,1267.75,216,2,80040403,100
115.64,1267.75,324,2,80040404,100
263.74,1323.34,0,2,80040411,100
263.74,1323.34,108,2,80040412,100
263.74,1323.34,216,2,80040413,100
263.74,1323.34,324,2,80040414,100
115.64,1321.92,0,2,80040421,100
115.64,1321.92,108,2,80040422,100
115.64,1321.92,216,2,80040423,100
115.64,1321.92,324,2,80040424,100
263.74,1377.68,0,2,80040431,100
263.74,1377.68,108,2,80040432,100
263.74,1377.68,216,2,80040433,100
263.74,1377.68,324,2,80040434,100
115.64,1376.09,0,2,80040441,100
115.64,1376.09,108,2,80040442,100
115.64,1376.09,216,2,80040443,100
115.64,1376.09,324,2,80040444,100
263.74,1432.02,0,2,80040451,100
263.74,1432.02,108,2,80040452,100
263.74,1432.02,216,2,80040453,100
263.74,1432.02,324,2,80040454,100
115.64,1430.26,0,2,80040461,100
115.64,1430.26,108,2,80040462,100
115.64,1430.26,216,2,80040463,100
115.64,1430.26,324,2,80040464,100
263.74,1486.36,0,2,80040471,100
263.74,1486.36,108,2,80040472,100
263.74,1486.36,216,2,80040473,100
263.74,1486.36,324,2,80040474,100
115.64,1484.43,0,2,80040481,100
115.64,1484.43,108,2,80040482,100
115.64,1484.43,216,2,80040483,100
115.64,1484.43,324,2,80040484,100
263.74,1540.70,0,2,80040491,100
263.74,1540.70,108,2,80040492,100
263.74,1540.70,216,2,80040493,100
263.74,1540.70,324,2,80040494,100
115.64,1538.60,0,2,80040501,100
115.64,1538.60,108,2,80040502,100
115.64,1538.60,216,2,80040503,100
115.64,1538.60,324,2,80040504,100
263.74,1595.04,0,2,80040511,100
263.74,1595.04,108,2,80040512,100
263.74,1595.04,216,2,80040513,100
263.74,1595.04,324,2,80040514,100
115.64,1592.77,0,2,80040521,100
115.64,1592.77,108,2,80040522,100
115.64,1592.77,216,2,80040523,100
115.64,1592.77,324,2,80040524,100
263.74,1640.00,0,2,80040531,100
263.74,1640.00,108,2,80040532,100
263.74,1640.00,216,2,80040533,100
263.74,1640.00,324,2,80040534,100
115.64,1643.50,0,2,80040541,100
115.64,1643.50,108,2,80040542,100
115.64,1643.50,216,2,80040543,100
115.64,1643.50,324,2,80040544,100
263.74,1709.66,0,2,80040551,100
263.74,1709.66,108,2,80040552,100
263.74,1709.66,216,2,80040553,100
263.74,1709.66,324,2,80040554,100
115.64,1715.74,0,2,80040561,100
115.64,1715.74,108,2,80040562,100
115.64,1715.74,216,2,80040563,100
115.64,1715.74,324,2,80040564,100
263.74,1764.00,0,2,80040571,100
263.74,1764.00,108,2,80040572,100
263.74,1764.00,216,2,80040573,100
263.74,1764.00,324,2,80040574,100
115.64,1769.91,0,2,80040581,100
115.64,1769.91,108,2,80040582,100
115.64,1769.91,216,2,80040583,100
115.64,1769.91,324,2,80040584,100
263.74,1818.34,0,2,80040591,100
263.74,1818.34,108,2,80040592,100
263.74,1818.34,216,2,80040593,100
263.74,1818.34,324,2,80040594,100
115.64,1824.08,0,2,80040601,100
115.64,1824.08,108,2,80040602,100
115.64,1824.08,216,2,80040603,100
115.64,1824.08,324,2,80040604,100
263.74,1872.68,0,2,80040611,100
263.74,1872.68,108,2,80040612,100
263.74,1872.68,216,2,80040613,100
263.74,1872.68,324,2,80040614,100
115.64,1878.25,0,2,80040621,100
115.64,1878.25,108,2,80040622,100
115.64,1878.25,216,2,80040623,100
115.64,1878.25,324,2,80040624,100
263.74,1927.02,0,2,80040631,100
263.74,1927.02,108,2,80040632,100
263.74,1927.02,216,2,80040633,100
263.74,1927.02,324,2,80040634,100
115.64,1932.42,0,2,80040641,100
115.64,1932.42,108,2,80040642,100
115.64,1932.42,216,2,80040643,100
115.64,1932.42,324,2,80040644,100
263.74,1981.36,0,2,80040651,100
263.74,1981.36,108,2,80040652,100
263.74,1981.36,216,2,80040653,100
263.74,1981.36,324,2,80040654,100
115.64,1986.59,0,2,80040661,100
115.64,1986.59,108,2,80040662,100
115.64,1986.59,216,2,80040663,100
115.64,1986.59,324,2,80040664,100
263.74,2035.70,0,2,80040671,100
263.74,2035.70,108,2,80040672,100
263.74,2035.70,216,2,80040673,100
263.74,2035.70,324,2,80040674,100
115.64,2040.76,0,2,80040681,100
115.64,2040.76,108,2,80040682,100
115.64,2040.76,216,2,80040683,100
115.64,2040.76,324,2,80040684,100
263.74,2090.04,0,2,80040691,100
263.74,2090.04,108,2,80040692,100
263.74,2090.04,216,2,80040693,100
263.74,2090.04,324,2,80040694,100
115.64,2094.93,0,2,80040701,100
115.64,2094.93,108,2,80040702,100
115.64,2094.93,216,2,80040703,100
115.64,2094.93,324,2,80040704,100
263.74,2144.38,0,2,80040711,100
263.74,2144.38,108,2,80040712,100
263.74,2144.38,216,2,80040713,100
263.74,2144.38,324,2,80040714,100
115.64,2149.10,0,2,80040721,100
115.64,2149.10,108,2,80040722,100
115.64,2149.10,216,2,80040723,100
115.64,2149.10,324,2,80040724,100
263.74,2198.72,0,2,80040731,100
263.74,2198.72,108,2,80040732,100
263.74,2198.72,216,2,80040733,100
263.74,2198.72,324,2,80040734,100
115.64,2203.27,0,2,80040741,100
115.64,2203.27,108,2,80040742,100
115.64,2203.27,216,2,80040743,100
115.64,2203.27,324,2,80040744,100
263.74,2253.06,0,2,80040751,100
263.74,2253.06,108,2,80040752,100
263.74,2253.06,216,2,80040753,100
263.74,2253.06,324,2,80040754,100
115.64,2257.44,0,2,80040761,100
115.64,2257.44,108,2,80040762,100
115.64,2257.44,216,2,80040763,100
115.64,2257.44,324,2,80040764,100
263.74,2307.40,0,2,80040771,100
263.74,2307.40,108,2,80040772,100
263.74,2307.40,216,2,80040773,100
263.74,2307.40,324,2,80040774,100
115.64,2311.61,0,2,80040781,100
115.64,2311.61,108,2,80040782,100
115.64,2311.61,216,2,80040783,100
115.64,2311.61,324,2,80040784,100
263.74,2361.74,0,2,80040791,100
263.74,2361.74,108,2,80040792,100
263.74,2361.74,216,2,80040793,100
263.74,2361.74,324,2,80040794,100
115.64,2365.78,0,2,80040801,100
115.64,2365.78,108,2,80040802,100
115.64,2365.78,216,2,80040803,100
115.64,2365.78,324,2,80040804,100
263.74,2416.08,0,2,80040811,100
263.74,2416.08,108,2,80040812,100
263.74,2416.08,216,2,80040813,100
263.74,2416.08,324,2,80040814,100
115.64,2419.95,0,2,80040821,100
115.64,2419.95,108,2,80040822,100
115.64,2419.95,216,2,80040823,100
115.64,2419.95,324,2,80040824,100
263.74,2470.42,0,2,80040831,100
263.74,2470.42,108,2,80040832,100
263.74,2470.42,216,2,80040833,100
263.74,2470.42,324,2,80040834,100
115.64,2474.12,0,2,80040841,100
115.64,2474.12,108,2,80040842,100
115.64,2474.12,216,2,80040843,100
115.64,2474.12,324,2,80040844,100
263.74,2524.76,0,2,80040851,100
263.74,2524.76,108,2,80040852,100
263.74,2524.76,216,2,80040853,100
263.74,2524.76,324,2,80040854,100
115.64,2528.29,0,2,80040861,100
115.64,2528.29,108,2,80040862,100
115.64,2528.29,216,2,80040863,100
115.64,2528.29,324,2,80040864,100
263.74,2579.10,0,2,80040871,100
263.74,2579.10,108,2,80040872,100
263.74,2579.10,216,2,80040873,100
263.74,2579.10,324,2,80040874,100
115.64,2582.46,0,2,80040881,100
115.64,2582.46,108,2,80040882,100
115.64,2582.46,216,2,80040883,100
115.64,2582.46,324,2,80040884,100
263.74,2633.44,0,2,80040891,100
263.74,2633.44,108,2,80040892,100
263.74,2633.44,216,2,80040893,100
263.74,2633.44,324,2,80040894,100
115.64,2636.63,0,2,80040901,100
115.64,2636.63,108,2,80040902,100
115.64,2636.63,216,2,80040903,100
115.64,2636.63,324,2,80040904,100
263.74,2687.78,0,2,80040911,100
263.74,2687.78,108,2,80040912,100
263.74,2687.78,216,2,80040913,100
263.74,2687.78,324,2,80040914,100
115.64,2690.80,0,2,80040921,100
115.64,2690.80,108,2,80040922,100
115.64,2690.80,216,2,80040923,100
115.64,2690.80,324,2,80040924,100
263.74,2742.12,0,2,80040931,100
263.74,2742.12,108,2,80040932,100
263.74,2742.12,216,2,80040933,100
263.74,2742.12,324,2,80040934,100
115.64,2744.97,0,2,80040941,100
115.64,2744.97,108,2,80040942,100
115.64,2744.97,216,2,80040943,100
115.64,2744.97,324,2,80040944,100
263.74,2796.46,0,2,80040951,100
263.74,2796.46,108,2,80040952,100
263.74,2796.46,216,2,80040953,100
263.74,2796.46,324,2,80040954,100
115.64,2799.14,0,2,80040961,100
115.64,2799.14,108,2,80040962,100
115.64,2799.14,216,2,80040963,100
115.64,2799.14,324,2,80040964,100
263.74,2850.80,0,2,80040971,100
263.74,2850.80,108,2,80040972,100
263.74,2850.80,216,2,80040973,100
263.74,2850.80,324,2,80040974,100
115.64,2853.31,0,2,80040981,100
115.64,2853.31,108,2,80040982,100
115.64,2853.31,216,2,80040983,100
115.64,2853.31,324,2,80040984,100
263.74,2905.14,0,2,80040991,100
263.74,2905.14,108,2,80040992,100
263.74,2905.14,216,2,80040993,100
263.74,2905.14,324,2,80040994,100
115.64,2907.48,0,2,80041001,100
115.64,2907.48,108,2,80041002,100
115.64,2907.48,216,2,80041003,100
115.64,2907.48,324,2,80041004,100
263.74,2959.48,0,2,80041011,100
263.74,2959.48,108,2,80041012,100
263.74,2959.48,216,2,80041013,100
263.74,2959.48,324,2,80041014,100
115.64,2961.65,0,2,80041021,100
115.64,2961.65,108,2,80041022,100
115.64,2961.65,216,2,80041023,100
115.64,2961.65,324,2,80041024,100
263.74,3013.82,0,2,80041031,100
263.74,3013.82,108,2,80041032,100
263.74,3013.82,216,2,80041033,100
263.74,3013.82,324,2,80041034,100
115.64,3015.82,0,2,80041041,100
115.64,3015.82,108,2,80041042,100
115.64,3015.82,216,2,80041043,100
115.64,3015.82,324,2,80041044,100
263.74,3068.16,0,2,80041051,100
263.74,3068.16,108,2,80041052,100
263.74,3068.16,216,2,80041053,100
263.74,3068.16,324,2,80041054,100
115.64,3069.99,0,2,80041061,100
115.64,3069.99,108,2,80041062,100
115.64,3069.99,216,2,80041063,100
115.64,3069.99,324,2,80041064,100
263.74,3122.50,0,2,80041071,100
263.74,3122.50,108,2,80041072,100
263.74,3122.50,216,2,80041073,100
263.74,3122.50,324,2,80041074,100
115.64,3124.16,0,2,80041081,100
115.64,3124.16,108,2,80041082,100
115.64,3124.16,216,2,80041083,100
115.64,3124.16,324,2,80041084,100
263.74,3176.84,0,2,80041091,100
263.74,3176.84,108,2,80041092,100
263.74,3176.84,216,2,80041093,100
263.74,3176.84,324,2,80041094,100
115.64,3178.33,0,2,80041101,100
115.64,3178.33,108,2,80041102,100
115.64,3178.33,216,2,80041103,100
115.64,3178.33,324,2,80041104,100
263.74,3231.18,0,2,80041111,100
263.74,3231.18,108,2,80041112,100
263.74,3231.18,216,2,80041113,100
263.74,3231.18,324,2,80041114,100
115.64,3232.50,0,2,80041121,100
115.64,3232.50,108,2,80041122,100
115.64,3232.50,216,2,80041123,100
115.64,3232.50,324,2,80041124,100
263.74,3285.52,0,2,80041131,100
263.74,3285.52,108,2,80041132,100
263.74,3285.52,216,2,80041133,100
263.74,3285.52,324,2,80041134,100
115.64,3286.67,0,2,80041141,100
115.64,3286.67,108,2,80041142,100
115.64,3286.67,216,2,80041143,100
115.64,3286.67,324,2,80041144,100
263.74,3339.86,0,2,80041151,100
263.74,3339.86,108,2,80041152,100
263.74,3339.86,216,2,80041153,100
263.74,3339.86,324,2,80041154,100
115.64,3340.84,0,2,80041161,100
115.64,3340.84,108,2,80041162,100
115.64,3340.84,216,2,80041163,100
115.64,3340.84,324,2,80041164,100
263.74,3394.20,0,2,80041171,100
263.74,3394.20,108,2,80041172,100
263.74,3394.20,216,2,80041173,100
263.74,3394.20,324,2,80041174,100
115.64,3395.01,0,2,80041181,100
115.64,3395.01,108,2,80041182,100
115.64,3395.01,216,2,80041183,100
115.64,3395.01,324,2,80041184,100
263.74,3448.54,0,2,80041191,100
263.74,3448.54,108,2,80041192,100
263.74,3448.54,216,2,80041193,100
263.74,3448.54,324,2,80041194,100
115.64,3449.18,0,2,80041201,100
115.64,3449.18,108,2,80041202,100
115.64,3449.18,216,2,80041203,100
115.64,3449.18,324,2,80041204,100
263.74,3502.88,0,2,80041211,100
263.74,3502.88,108,2,80041212,100
263.74,3502.88,216,2,80041213,100
263.74,3502.88,324,2,80041214,100
115.64,3503.35,0,2,80041221,100
115.64,3503.35,108,2,80041222,100
115.64,3503.35,216,2,80041223,100
115.64,3503.35,324,2,80041224,100
263.74,3557.22,0,2,80041231,100
263.74,3557.22,108,2,80041232,100
263.74,3557.22,216,2,80041233,100
263.74,3557.22,324,2,80041234,100
115.64,3557.52,0,2,80041241,100
115.64,3557.52,108,2,80041242,100
115.64,3557.52,216,2,80041243,100
115.64,3557.52,324,2,80041244,100
263.74,3611.56,0,2,80041251,100
263.74,3611.56,108,2,80041252,100
263.74,3611.56,216,2,80041253,100
263.74,3611.56,324,2,80041254,100
115.64,3611.69,0,2,80041261,100
115.64,3611.69,108,2,80041262,100
115.64,3611.69,216,2,80041263,100
115.64,3611.69,324,2,80041264,100
263.74,3665.90,0,2,80041271,100
263.74,3665.90,108,2,80041272,100
263.74,3665.90,216,2,80041273,100
263.74,3665.90,324,2,80041274,100
115.64,3665.86,0,2,80041281,100
115.64,3665.86,108,2,80041282,100
115.64,3665.86,216,2,80041283,100
115.64,3665.86,324,2,80041284,100
263.74,3720.24,0,2,80041291,100
263.74,3720.24,108,2,80041292,100
263.74,3720.24,216,2,80041293,100
263.74,3720.24,324,2,80041294,100
115.64,3720.03,0,2,80041301,100
115.64,3720.03,108,2,80041302,100
115.64,3720.03,216,2,80041303,100
115.64,3720.03,324,2,80041304,100
263.74,3774.58,0,2,80041311,100
263.74,3774.58,108,2,80041312,100
263.74,3774.58,216,2,80041313,100
263.74,3774.58,324,2,80041314,100
115.64,3774.20,0,2,80041321,100
115.64,3774.20,108,2,80041322,100
115.64,3774.20,216,2,80041323,100
115.64,3774.20,324,2,80041324,100
263.74,3828.92,0,2,80041331,100
263.74,3828.92,108,2,80041332,100
263.74,3828.92,216,2,80041333,100
263.74,3828.92,324,2,80041334,100
115.64,3828.37,0,2,80041341,100
115.64,3828.37,108,2,80041342,100
115.64,3828.37,216,2,80041343,100
115.64,3828.37,324,2,80041344,100
263.74,3883.26,0,2,80041351,100
263.74,3883.26,108,2,80041352,100
263.74,3883.26,216,2,80041353,100
263.74,3883.26,324,2,80041354,100
115.64,3882.54,0,2,80041361,100
115.64,3882.54,108,2,80041362,100
115.64,3882.54,216,2,80041363,100
115.64,3882.54,324,2,80041364,100
263.74,3937.60,0,2,80041371,100
263.74,3937.60,108,2,80041372,100
263.74,3937.60,216,2,80041373,100
263.74,3937.60,324,2,80041374,100
115.64,3936.71,0,2,80041381,100
115.64,3936.71,108,2,80041382,100
115.64,3936.71,216,2,80041383,100
115.64,3936.71,324,2,80041384,100
1000.60,4119.58,0,2,80050011,100
1000.60,4119.58,108,2,80050012,100
1000.60,4119.58,216,2,80050013,100
1000.60,4119.58,324,2,80050014,100
946.06,4119.58,0,2,80050021,100
946.06,4119.58,108,2,80050022,100
946.06,4119.58,216,2,80050023,100
946.06,4119.58,324,2,80050024,100
891.52,4119.58,0,2,80050031,100
891.52,4119.58,108,2,80050032,100
891.52,4119.58,216,2,80050033,100
891.52,4119.58,324,2,80050034,100
836.98,4119.58,0,2,80050041,100
836.98,4119.58,108,2,80050042,100
836.98,4119.58,216,2,80050043,100
836.98,4119.58,324,2,80050044,100
782.44,4119.58,0,2,80050051,100
782.44,4119.58,108,2,80050052,100
782.44,4119.58,216,2,80050053,100
782.44,4119.58,324,2,80050054,100
727.90,4119.58,0,2,80050061,100
727.90,4119.58,108,2,80050062,100
727.90,4119.58,216,2,80050063,100
727.90,4119.58,324,2,80050064,100
673.36,4119.58,0,2,80050071,100
673.36,4119.58,108,2,80050072,100
673.36,4119.58,216,2,80050073,100
673.36,4119.58,324,2,80050074,100
618.82,4119.58,0,2,80050081,100
618.82,4119.58,108,2,80050082,100
618.82,4119.58,216,2,80050083,100
618.82,4119.58,324,2,80050084,100
564.28,4119.58,0,2,80050091,100
564.28,4119.58,108,2,80050092,100
564.28,4119.58,216,2,80050093,100
564.28,4119.58,324,2,80050094,100
509.74,4119.58,0,2,80050101,100
509.74,4119.58,108,2,80050102,100
509.74,4119.58,216,2,80050103,100
509.74,4119.58,324,2,80050104,100
455.20,4119.58,0,2,80050111,100
455.20,4119.58,108,2,80050112,100
455.20,4119.58,216,2,80050113,100
455.20,4119.58,324,2,80050114,100
400.66,4119.58,0,2,80050121,100
400.66,4119.58,108,2,80050122,100
400.66,4119.58,216,2,80050123,100
400.66,4119.58,324,2,80050124,100
346.12,4119.58,0,2,80050131,100
346.12,4119.58,108,2,80050132,100
346.12,4119.58,216,2,80050133,100
346.12,4119.58,324,2,80050134,100
211.00,4119.58,0,2,80050141,100
211.00,4119.58,108,2,80050142,100
211.00,4119.58,216,2,80050143,100
211.00,4119.58,324,2,80050144,100
156.24,4119.58,0,2,80050151,100
156.24,4119.58,108,2,80050152,100
156.24,4119.58,216,2,80050153,100
156.24,4119.58,324,2,80050154,100
101.70,4119.58,0,2,80050161,100
101.70,4119.58,108,2,80050162,100
101.70,4119.58,216,2,80050163,100
101.70,4119.58,324,2,80050164,100
47.16,4119.58,0,2,80050171,100
47.16,4119.58,108,2,80050172,100
47.16,4119.58,216,2,80050173,100
47.16,4119.58,324,2,80050174,100