663.32,246.13,0,2,80030011,100
663.32,301.26,0,2,80030031,100
663.32,356.38,0,2,80030051,100
663.32,410.22,0,2,80030071,100
663.32,465.35,0,2,80030091,100
663.32,520.47,0,2,80030111,100
663.32,574.31,0,2,80030131,100
663.32,628.16,0,2,80030151,100
663.32,682,0,2,80030171,100
663.32,737.12,0,2,80030191,100
663.32,790.96,0,2,80030211,100
663.32,846.09,0,2,80030231,100
663.32,899.93,0,2,80030251,100
663.32,955.05,0,2,80030271,100
663.32,1010.18,0,2,80030291,100
663.32,1064.02,0,2,80030311,100
663.32,1117.86,0,2,80030331,100
663.32,1171.7,0,2,80030351,100
663.32,1226.83,0,2,80030371,100
663.32,1281.95,0,2,80030391,100
663.32,1335.79,0,2,80030411,100
663.32,1389.63,0,2,80030431,100
663.32,1446.04,0,2,80030451,100
663.32,1499.88,0,2,80030471,100
663.32,1553.72,0,2,80030491,100
663.32,1607.57,0,2,80030511,100
663.32,1676.79,0,2,80030531,100
663.32,1731.91,0,2,80030551,100
663.32,1785.76,0,2,80030571,100
663.32,1840.88,0,2,80030591,100
663.32,1894.72,0,2,80030611,100
663.32,1949.85,0,2,80030631,100
663.32,2004.97,0,2,80030651,100
663.32,2058.81,0,2,80030671,100
663.32,2112.65,0,2,80030691,100
663.32,2166.5,0,2,80030711,100
663.32,2221.62,0,2,80030731,100
663.32,2275.46,0,2,80030751,100
663.32,2330.59,0,2,80030771,100
663.32,2384.43,0,2,80030791,100
663.32,2440.83,0,2,80030811,100
663.32,2494.68,0,2,80030831,100
663.32,2548.52,0,2,80030851,100
663.32,2602.36,0,2,80030871,100
663.32,2656.2,0,2,80030891,100
663.32,2711.32,0,2,80030911,100
663.32,2766.45,0,2,80030931,100
663.32,2820.29,0,2,80030951,100
663.32,2874.13,0,2,80030971,100
663.32,2930.54,0,2,80030991,100
663.32,2984.38,0,2,80031011,100
663.32,3038.22,0,2,80031031,100
663.32,3092.06,0,2,80031051,100
663.32,3145.91,0,2,80031071,100
663.32,3202.31,0,2,80031091,100
663.32,3256.15,0,2,80031111,100
663.32,3310,0,2,80031131,100
663.32,3365.12,0,2,80031151,100
663.32,3420.24,0,2,80031171,100
663.32,3474.09,0,2,80031191,100
663.32,3527.93,0,2,80031211,100
663.32,3581.77,0,2,80031231,100
663.32,3636.89,0,2,80031251,100
663.32,3692.02,0,2,80031271,100
663.32,3745.86,0,2,80031291,100
663.32,3800.98,0,2,80031311,100
663.32,3854.82,0,2,80031331,100
663.32,3909.95,0,2,80031351,100
663.32,3963.79,0,2,80031371,100
424.68,246.13,0,2,80030021,100
424.68,301.26,0,2,80030041,100
424.68,356.38,0,2,80030061,100
424.68,453.81,0,2,80030081,100
424.68,507.65,0,2,80030101,100
424.68,564.06,0,2,80030121,100
424.68,617.9,0,2,80030141,100
424.68,671.74,0,2,80030161,100
424.68,728.15,0,2,80030181,100
424.68,781.99,0,2,80030201,100
424.68,852.5,0,2,80030221,100
424.68,907.62,0,2,80030241,100
424.68,961.46,0,2,80030261,100
424.68,1015.3,0,2,80030281,100
424.68,1069.15,0,2,80030301,100
424.68,1122.99,0,2,80030321,100
424.68,1178.11,0,2,80030341,100
424.68,1248.62,0,2,80030361,100
424.68,1302.46,0,2,80030381,100
424.68,1358.87,0,2,80030401,100
424.68,1412.71,0,2,80030421,100
424.68,1467.83,0,2,80030441,100
424.68,1522.96,0,2,80030461,100
424.68,1576.8,0,2,80030481,100
424.68,1647.31,0,2,80030501,100
424.68,1702.43,0,2,80030521,100
424.68,1756.27,0,2,80030541,100
424.68,1810.11,0,2,80030561,100
424.68,1863.96,0,2,80030581,100
424.68,1919.08,0,2,80030601,100
424.68,1974.2,0,2,80030621,100
424.68,2043.43,0,2,80030641,100
424.68,2099.83,0,2,80030661,100
424.68,2153.68,0,2,80030681,100
424.68,2208.8,0,2,80030701,100
424.68,2262.64,0,2,80030721,100
424.68,2317.77,0,2,80030741,100
424.68,2371.61,0,2,80030761,100
424.68,2443.4,0,2,80030781,100
424.68,2497.24,0,2,80030801,100
424.68,2551.08,0,2,80030821,100
424.68,2604.92,0,2,80030841,100
424.68,2658.76,0,2,80030861,100
424.68,2715.17,0,2,80030881,100
424.68,2769.01,0,2,80030901,100
424.68,2839.52,0,2,80030921,100
424.68,2894.64,0,2,80030941,100
424.68,2949.77,0,2,80030961,100
424.68,3003.61,0,2,80030981,100
424.68,3058.73,0,2,80031001,100
424.68,3112.58,0,2,80031021,100
424.68,3166.42,0,2,80031041,100
424.68,3238.21,0,2,80031061,100
424.68,3292.05,0,2,80031081,100
424.68,3345.89,0,2,80031101,100
424.68,3399.73,0,2,80031121,100
424.68,3471.52,0,2,80031141,100
424.68,3525.36,0,2,80031161,100
424.68,3580.49,0,2,80031181,100
424.68,3635.61,0,2,80031201,100
424.68,3689.45,0,2,80031221,100
424.68,3744.58,0,2,80031241,100
424.68,3798.42,0,2,80031261,100
424.68,3894.57,0,2,80031281,100
424.68,3949.69,0,2,80031301,100
327.17,246.13,0,2,80040011,100
327.17,302.54,0,2,80040031,100
327.17,356.38,0,2,80040051,100
327.17,411.51,0,2,80040071,100
327.17,465.35,0,2,80040091,100
327.17,519.19,0,2,80040111,100
327.17,574.31,0,2,80040131,100
327.17,628.16,0,2,80040151,100
327.17,682,0,2,80040171,100
327.17,735.84,0,2,80040191,100
327.17,792.25,0,2,80040211,100
327.17,846.09,0,2,80040231,100
327.17,901.21,0,2,80040251,100
327.17,955.05,0,2,80040271,100
327.17,1010.18,0,2,80040291,100
327.17,1064.02,0,2,80040311,100
327.17,1117.86,0,2,80040331,100
327.17,1171.7,0,2,80040351,100
327.17,1225.54,0,2,80040371,100
327.17,1281.95,0,2,80040391,100
327.17,1335.79,0,2,80040411,100
327.17,1390.92,0,2,80040431,100
327.17,1446.04,0,2,80040451,100
327.17,1499.88,0,2,80040471,100
327.17,1553.72,0,2,80040491,100
327.17,1607.57,0,2,80040511,100
327.17,1676.79,0,2,80040531,100
327.17,1730.63,0,2,80040551,100
327.17,1787.04,0,2,80040571,100
327.17,1840.88,0,2,80040591,100
327.17,1894.72,0,2,80040611,100
327.17,1949.85,0,2,80040631,100
327.17,2004.97,0,2,80040651,100
327.17,2058.81,0,2,80040671,100
327.17,2112.65,0,2,80040691,100
327.17,2166.5,0,2,80040711,100
327.17,2220.34,0,2,80040731,100
327.17,2276.74,0,2,80040751,100
327.17,2330.59,0,2,80040771,100
327.17,2385.71,0,2,80040791,100
327.17,2439.55,0,2,80040811,100
327.17,2494.68,0,2,80040831,100
327.17,2548.52,0,2,80040851,100
327.17,2602.36,0,2,80040871,100
327.17,2656.2,0,2,80040891,100
327.17,2711.32,0,2,80040911,100
327.17,2766.45,0,2,80040931,100
327.17,2820.29,0,2,80040951,100
327.17,2875.41,0,2,80040971,100
327.17,2930.54,0,2,80040991,100
327.17,2984.38,0,2,80041011,100
327.17,3038.22,0,2,80041031,100
327.17,3092.06,0,2,80041051,100
327.17,3145.91,0,2,80041071,100
327.17,3201.03,0,2,80041091,100
327.17,3256.15,0,2,80041111,100
327.17,3310,0,2,80041131,100
327.17,3366.4,0,2,80041151,100
327.17,3420.24,0,2,80041171,100
327.17,3474.09,0,2,80041191,100
327.17,3527.93,0,2,80041211,100
327.17,3581.77,0,2,80041231,100
327.17,3636.89,0,2,80041251,100
327.17,3692.02,0,2,80041271,100
327.17,3745.86,0,2,80041291,100
327.17,3799.7,0,2,80041311,100
327.17,3856.11,0,2,80041331,100
327.17,3909.95,0,2,80041351,100
327.17,3963.79,0,2,80041371,100
82.11,246.13,0,2,80040021,100
82.11,301.26,0,2,80040041,100
82.11,356.38,0,2,80040061,100
82.11,410.22,0,2,80040081,100
82.11,465.35,0,2,80040101,100
82.11,520.47,0,2,80040121,100
82.11,574.31,0,2,80040141,100
82.11,628.16,0,2,80040161,100
82.11,682,0,2,80040181,100
82.11,737.12,0,2,80040201,100
82.11,790.96,0,2,80040221,100
82.11,846.09,0,2,80040241,100
82.11,899.93,0,2,80040261,100
82.11,955.05,0,2,80040281,100
82.11,1010.18,0,2,80040301,100
82.11,1064.02,0,2,80040321,100
82.11,1117.86,0,2,80040341,100
82.11,1171.7,0,2,80040361,100
82.11,1226.83,0,2,80040381,100
82.11,1281.95,0,2,80040401,100
82.11,1335.79,0,2,80040421,100
82.11,1389.63,0,2,80040441,100
82.11,1446.04,0,2,80040461,100
82.11,1499.88,0,2,80040481,100
82.11,1553.72,0,2,80040501,100
82.11,1607.57,0,2,80040521,100
82.11,1676.79,0,2,80040541,100
82.11,1731.91,0,2,80040561,100
82.11,1785.76,0,2,80040581,100
82.11,1840.88,0,2,80040601,100
82.11,1894.72,0,2,80040621,100
82.11,1949.85,0,2,80040641,100
82.11,2004.97,0,2,80040661,100
82.11,2058.81,0,2,80040681,100
82.11,2112.65,0,2,80040701,100
82.11,2166.5,0,2,80040721,100
82.11,2221.62,0,2,80040741,100
82.11,2275.46,0,2,80040761,100
82.11,2330.59,0,2,80040781,100
82.11,2384.43,0,2,80040801,100
82.11,2440.83,0,2,80040821,100
82.11,2494.68,0,2,80040841,100
82.11,2548.52,0,2,80040861,100
82.11,2602.36,0,2,80040881,100
82.11,2656.2,0,2,80040901,100
82.11,2711.32,0,2,80040921,100
82.11,2766.45,0,2,80040941,100
82.11,2820.29,0,2,80040961,100
82.11,2874.13,0,2,80040981,100
82.11,2930.54,0,2,80041001,100
82.11,2984.38,0,2,80041021,100
82.11,3038.22,0,2,80041041,100
82.11,3092.06,0,2,80041061,100
82.11,3145.91,0,2,80041081,100
82.11,3202.31,0,2,80041101,100
82.11,3256.15,0,2,80041121,100
82.11,3310,0,2,80041141,100
82.11,3365.12,0,2,80041161,100
82.11,3420.24,0,2,80041181,100
82.11,3474.09,0,2,80041201,100
82.11,3527.93,0,2,80041221,100
82.11,3581.77,0,2,80041241,100
82.11,3638.18,0,2,80041261,100
82.11,3692.02,0,2,80041281,100
82.11,3745.86,0,2,80041301,100
82.11,3800.98,0,2,80041321,100
82.11,3854.82,0,2,80041341,100
82.11,3909.95,0,2,80041361,100
82.11,3963.79,0,2,80041381,100
1011.02,4176.59,0,2,80050011,100
957.14,4176.59,0,2,80050021,100
901.97,4176.59,0,2,80050031,100
848.08,4176.59,0,2,80050041,100
792.91,4176.59,0,2,80050051,100
737.74,4176.59,0,2,80050061,100
683.85,4176.59,0,2,80050071,100
629.97,4176.59,0,2,80050081,100
574.8,4176.59,0,2,80050091,100
520.91,4176.59,0,2,80050101,100
465.74,4176.59,0,2,80050111,100
411.85,4176.59,0,2,80050121,100
356.68,4176.59,0,2,80050131,100
227.1,4176.59,0,2,80050141,100
171.93,4176.59,0,2,80050151,100
118.04,4176.59,0,2,80050161,100
64.15,4176.59,0,2,80050171,100
989.21,246.13,0,2,80020011,86
989.21,301.26,0,2,80020031,86
989.21,356.38,0,2,80020051,86
989.21,453.81,0,2,80020071,86
989.21,507.65,0,2,80020091,86
989.21,564.06,0,2,80020111,86
989.21,617.9,0,2,80020131,86
989.21,671.74,0,2,80020151,86
989.21,728.15,0,2,80020171,86
989.21,781.99,0,2,80020191,86
989.21,852.5,0,2,80020211,86
989.21,907.62,0,2,80020231,86
989.21,961.46,0,2,80020251,86
989.21,1015.3,0,2,80020271,86
989.21,1069.15,0,2,80020291,86
989.21,1122.99,0,2,80020311,86
989.21,1178.11,0,2,80020331,86
989.21,1248.62,0,2,80020351,86
989.21,1302.46,0,2,80020371,86
989.21,1358.87,0,2,80020391,86
989.21,1412.71,0,2,80020411,86
989.21,1467.83,0,2,80020431,86
989.21,1522.96,0,2,80020451,86
989.21,1576.8,0,2,80020471,86
989.21,1647.31,0,2,80020491,86
989.21,1702.43,0,2,80020511,86
989.21,1756.27,0,2,80020531,86
989.21,1810.11,0,2,80020551,86
989.21,1863.96,0,2,80020571,86
989.21,1919.08,0,2,80020591,86
989.21,1974.2,0,2,80020611,86
989.21,2043.43,0,2,80020631,86
989.21,2099.83,0,2,80020651,86
989.21,2153.68,0,2,80020671,86
989.21,2208.8,0,2,80020691,86
989.21,2262.64,0,2,80020711,86
989.21,2317.77,0,2,80020731,86
989.21,2371.61,0,2,80020751,86
989.21,2443.4,0,2,80020771,86
989.21,2497.24,0,2,80020791,86
989.21,2551.08,0,2,80020811,86
989.21,2604.92,0,2,80020831,86
989.21,2658.76,0,2,80020851,86
989.21,2715.17,0,2,80020871,86
989.21,2769.01,0,2,80020891,86
989.21,2839.52,0,2,80020911,86
989.21,2894.64,0,2,80020931,86
989.21,2949.77,0,2,80020951,86
989.21,3003.61,0,2,80020971,86
989.21,3058.73,0,2,80020991,86
989.21,3112.58,0,2,80021011,86
989.21,3166.42,0,2,80021031,86
989.21,3238.21,0,2,80021051,86
989.21,3292.05,0,2,80021071,86
989.21,3345.89,0,2,80021091,86
989.21,3399.73,0,2,80021111,86
989.21,3471.52,0,2,80021131,86
989.21,3525.36,0,2,80021151,86
989.21,3580.49,0,2,80021171,86
989.21,3635.61,0,2,80021191,86
989.21,3689.45,0,2,80021211,86
989.21,3744.58,0,2,80021231,86
989.21,3798.42,0,2,80021251,86
760.83,246.13,0,2,80020021,86
760.83,301.26,0,2,80020041,86
760.83,356.38,0,2,80020061,86
760.83,453.81,0,2,80020081,86
760.83,507.65,0,2,80020101,86
760.83,564.06,0,2,80020121,86
760.83,617.9,0,2,80020141,86
760.83,671.74,0,2,80020161,86
760.83,726.87,0,2,80020181,86
760.83,781.99,0,2,80020201,86
760.83,851.22,0,2,80020221,86
760.83,907.62,0,2,80020241,86
760.83,961.46,0,2,80020261,86
760.83,1015.3,0,2,80020281,86
760.83,1069.15,0,2,80020301,86
760.83,1122.99,0,2,80020321,86
760.83,1179.39,0,2,80020341,86
760.83,1248.62,0,2,80020361,86
760.83,1303.74,0,2,80020381,86
760.83,1358.87,0,2,80020401,86
760.83,1412.71,0,2,80020421,86
760.83,1466.55,0,2,80020441,86
760.83,1522.96,0,2,80020461,86
760.83,1576.8,0,2,80020481,86
760.83,1684.48,0,2,80020501,86
760.83,1739.61,0,2,80020521,86
760.83,1794.73,0,2,80020541,86
760.83,1848.57,0,2,80020561,86
760.83,1903.7,0,2,80020581,86
760.83,1958.82,0,2,80020601,86
760.83,2028.05,0,2,80020621,86
760.83,2083.17,0,2,80020641,86
760.83,2138.29,0,2,80020661,86
760.83,2192.14,0,2,80020681,86
760.83,2245.98,0,2,80020701,86
760.83,2299.82,0,2,80020721,86
760.83,2356.22,0,2,80020741,86
760.83,2425.45,0,2,80020761,86
760.83,2480.57,0,2,80020781,86
760.83,2535.7,0,2,80020801,86
760.83,2589.54,0,2,80020821,86
760.83,2643.38,0,2,80020841,86
760.83,2699.79,0,2,80020861,86
760.83,2753.63,0,2,80020881,86
760.83,2824.14,0,2,80020901,86
760.83,2879.26,0,2,80020921,86
760.83,2933.1,0,2,80020941,86
760.83,2986.94,0,2,80020961,86
760.83,3040.79,0,2,80020981,86
760.83,3095.91,0,2,80021001,86
760.83,3151.03,0,2,80021021,86
760.83,3221.54,0,2,80021041,86
760.83,3275.38,0,2,80021061,86
760.83,3330.51,0,2,80021081,86
760.83,3384.35,0,2,80021101,86
760.83,3456.14,0,2,80021121,86
760.83,3509.98,0,2,80021141,86
760.83,3565.1,0,2,80021161,86
760.83,3620.23,0,2,80021181,86
760.83,3674.07,0,2,80021201,86
760.83,3727.91,0,2,80021221,86
760.83,3781.75,0,2,80021241,86
760.83,3879.18,0,2,80021261,86
760.83,3933.02,0,2,80021281,86
831.4,50,0,1,80010011,78
734.53,50,0,1,80010021,78
779.44,50,0,1,80010031,78
639.59,50,0,1,80010041,78
684.49,50,0,1,80010051,78
542.72,50,0,1,80010061,78
588.91,50,0,1,80010071,78
447.13,50,0,1,80010081,78
492.04,50,0,1,80010091,78
351.55,50,0,1,80010101,78
395.17,50,0,1,80010111,78
254.68,50,0,1,80010121,78
299.59,50,0,1,80010131,78
159.74,50,0,1,80010141,78
204.64,50,0,1,80010151,78
62.23,50,0,1,80010161,78
107.13,50,0,1,80010171,78
1014.87,3864.44,0,1,80021271,78
1014.87,3909.31,0,1,80021291,78
1014.87,3962.51,0,1,80021311,78
831.4,50,86,1,80010012,78
734.53,50,86,1,80010022,78
779.44,50,86,1,80010032,78
639.59,50,86,1,80010042,78
684.49,50,86,1,80010052,78
542.72,50,86,1,80010062,78
588.91,50,86,1,80010072,78
447.13,50,86,1,80010082,78
492.04,50,86,1,80010092,78
351.55,50,86,1,80010102,78
395.17,50,86,1,80010112,78
254.68,50,86,1,80010122,78
299.59,50,86,1,80010132,78
159.74,50,86,1,80010142,78
204.64,50,86,1,80010152,78
62.23,50,86,1,80010162,78
107.13,50,86,1,80010172,78
1014.87,3864.44,86,1,80021272,78
1014.87,3909.31,86,1,80021292,78
1014.87,3962.51,86,1,80021312,78
989.21,246.13,94,2,80020012,84
989.21,301.26,94,2,80020032,84
989.21,356.38,94,2,80020052,84
989.21,453.81,94,2,80020072,84
989.21,507.65,94,2,80020092,84
989.21,564.06,94,2,80020112,84
989.21,617.9,94,2,80020132,84
989.21,671.74,94,2,80020152,84
989.21,728.15,94,2,80020172,84
989.21,781.99,94,2,80020192,84
989.21,852.5,94,2,80020212,84
989.21,907.62,94,2,80020232,84
989.21,961.46,94,2,80020252,84
989.21,1015.3,94,2,80020272,84
989.21,1069.15,94,2,80020292,84
989.21,1122.99,94,2,80020312,84
989.21,1178.11,94,2,80020332,84
989.21,1248.62,94,2,80020352,84
989.21,1302.46,94,2,80020372,84
989.21,1358.87,94,2,80020392,84
989.21,1412.71,94,2,80020412,84
989.21,1467.83,94,2,80020432,84
989.21,1522.96,94,2,80020452,84
989.21,1576.8,94,2,80020472,84
989.21,1647.31,94,2,80020492,84
989.21,1702.43,94,2,80020512,84
989.21,1756.27,94,2,80020532,84
989.21,1810.11,94,2,80020552,84
989.21,1863.96,94,2,80020572,84
989.21,1919.08,94,2,80020592,84
989.21,1974.2,94,2,80020612,84
989.21,2043.43,94,2,80020632,84
989.21,2099.83,94,2,80020652,84
989.21,2153.68,94,2,80020672,84
989.21,2208.8,94,2,80020692,84
989.21,2262.64,94,2,80020712,84
989.21,2317.77,94,2,80020732,84
989.21,2371.61,94,2,80020752,84
989.21,2443.4,94,2,80020772,84
989.21,2497.24,94,2,80020792,84
989.21,2551.08,94,2,80020812,84
989.21,2604.92,94,2,80020832,84
989.21,2658.76,94,2,80020852,84
989.21,2715.17,94,2,80020872,84
989.21,2769.01,94,2,80020892,84
989.21,2839.52,94,2,80020912,84
989.21,2894.64,94,2,80020932,84
989.21,2949.77,94,2,80020952,84
989.21,3003.61,94,2,80020972,84
989.21,3058.73,94,2,80020992,84
989.21,3112.58,94,2,80021012,84
989.21,3166.42,94,2,80021032,84
989.21,3238.21,94,2,80021052,84
989.21,3292.05,94,2,80021072,84
989.21,3345.89,94,2,80021092,84
989.21,3399.73,94,2,80021112,84
989.21,3471.52,94,2,80021132,84
989.21,3525.36,94,2,80021152,84
989.21,3580.49,94,2,80021172,84
989.21,3635.61,94,2,80021192,84
989.21,3689.45,94,2,80021212,84
989.21,3744.58,94,2,80021232,84
989.21,3798.42,94,2,80021252,84
760.83,246.13,94,2,80020022,84
760.83,301.26,94,2,80020042,84
760.83,356.38,94,2,80020062,84
760.83,453.81,94,2,80020082,84
760.83,507.65,94,2,80020102,84
760.83,564.06,94,2,80020122,84
760.83,617.9,94,2,80020142,84
760.83,671.74,94,2,80020162,84
760.83,726.87,94,2,80020182,84
760.83,781.99,94,2,80020202,84
760.83,851.22,94,2,80020222,84
760.83,907.62,94,2,80020242,84
760.83,961.46,94,2,80020262,84
760.83,1015.3,94,2,80020282,84
760.83,1069.15,94,2,80020302,84
760.83,1122.99,94,2,80020322,84
760.83,1179.39,94,2,80020342,84
760.83,1248.62,94,2,80020362,84
760.83,1303.74,94,2,80020382,84
760.83,1358.87,94,2,80020402,84
760.83,1412.71,94,2,80020422,84
760.83,1466.55,94,2,80020442,84
760.83,1522.96,94,2,80020462,84
760.83,1576.8,94,2,80020482,84
760.83,1684.48,94,2,80020502,84
760.83,1739.61,94,2,80020522,84
760.83,1794.73,94,2,80020542,84
760.83,1848.57,94,2,80020562,84
760.83,1903.7,94,2,80020582,84
760.83,1958.82,94,2,80020602,84
760.83,2028.05,94,2,80020622,84
760.83,2083.17,94,2,80020642,84
760.83,2138.29,94,2,80020662,84
760.83,2192.14,94,2,80020682,84
760.83,2245.98,94,2,80020702,84
760.83,2299.82,94,2,80020722,84
760.83,2356.22,94,2,80020742,84
760.83,2425.45,94,2,80020762,84
760.83,2480.57,94,2,80020782,84
760.83,2535.7,94,2,80020802,84
760.83,2589.54,94,2,80020822,84
760.83,2643.38,94,2,80020842,84
760.83,2699.79,94,2,80020862,84
760.83,2753.63,94,2,80020882,84
760.83,2824.14,94,2,80020902,84
760.83,2879.26,94,2,80020922,84
760.83,2933.1,94,2,80020942,84
760.83,2986.94,94,2,80020962,84
760.83,3040.79,94,2,80020982,84
760.83,3095.91,94,2,80021002,84
760.83,3151.03,94,2,80021022,84
760.83,3221.54,94,2,80021042,84
760.83,3275.38,94,2,80021062,84
760.83,3330.51,94,2,80021082,84
760.83,3384.35,94,2,80021102,84
760.83,3456.14,94,2,80021122,84
760.83,3509.98,94,2,80021142,84
760.83,3565.1,94,2,80021162,84
760.83,3620.23,94,2,80021182,84
760.83,3674.07,94,2,80021202,84
760.83,3727.91,94,2,80021222,84
760.83,3781.75,94,2,80021242,84
760.83,3879.18,94,2,80021262,84
760.83,3933.02,94,2,80021282,84
663.32,246.13,108,2,80030012,100
663.32,301.26,108,2,80030032,100
663.32,356.38,108,2,80030052,100
663.32,410.22,108,2,80030072,100
663.32,465.35,108,2,80030092,100
663.32,520.47,108,2,80030112,100
663.32,574.31,108,2,80030132,100
663.32,628.16,108,2,80030152,100
663.32,682,108,2,80030172,100
663.32,737.12,108,2,80030192,100
663.32,790.96,108,2,80030212,100
663.32,846.09,108,2,80030232,100
663.32,899.93,108,2,80030252,100
663.32,955.05,108,2,80030272,100
663.32,1010.18,108,2,80030292,100
663.32,1064.02,108,2,80030312,100
663.32,1117.86,108,2,80030332,100
663.32,1171.7,108,2,80030352,100
663.32,1226.83,108,2,80030372,100
663.32,1281.95,108,2,80030392,100
663.32,1335.79,108,2,80030412,100
663.32,1389.63,108,2,80030432,100
663.32,1446.04,108,2,80030452,100
663.32,1499.88,108,2,80030472,100
663.32,1553.72,108,2,80030492,100
663.32,1607.57,108,2,80030512,100
663.32,1676.79,108,2,80030532,100
663.32,1731.91,108,2,80030552,100
663.32,1785.76,108,2,80030572,100
663.32,1840.88,108,2,80030592,100
663.32,1894.72,108,2,80030612,100
663.32,1949.85,108,2,80030632,100
663.32,2004.97,108,2,80030652,100
663.32,2058.81,108,2,80030672,100
663.32,2112.65,108,2,80030692,100
663.32,2166.5,108,2,80030712,100
663.32,2221.62,108,2,80030732,100
663.32,2275.46,108,2,80030752,100
663.32,2330.59,108,2,80030772,100
663.32,2384.43,108,2,80030792,100
663.32,2440.83,108,2,80030812,100
663.32,2494.68,108,2,80030832,100
663.32,2548.52,108,2,80030852,100
663.32,2602.36,108,2,80030872,100
663.32,2656.2,108,2,80030892,100
663.32,2711.32,108,2,80030912,100
663.32,2766.45,108,2,80030932,100
663.32,2820.29,108,2,80030952,100
663.32,2874.13,108,2,80030972,100
663.32,2930.54,108,2,80030992,100
663.32,2984.38,108,2,80031012,100
663.32,3038.22,108,2,80031032,100
663.32,3092.06,108,2,80031052,100
663.32,3145.91,108,2,80031072,100
663.32,3202.31,108,2,80031092,100
663.32,3256.15,108,2,80031112,100
663.32,3310,108,2,80031132,100
663.32,3365.12,108,2,80031152,100
663.32,3420.24,108,2,80031172,100
663.32,3474.09,108,2,80031192,100
663.32,3527.93,108,2,80031212,100
663.32,3581.77,108,2,80031232,100
663.32,3636.89,108,2,80031252,100
663.32,3692.02,108,2,80031272,100
663.32,3745.86,108,2,80031292,100
663.32,3800.98,108,2,80031312,100
663.32,3854.82,108,2,80031332,100
663.32,3909.95,108,2,80031352,100
663.32,3963.79,108,2,80031372,100
424.68,246.13,108,2,80030022,100
424.68,301.26,108,2,80030042,100
424.68,356.38,108,2,80030062,100
424.68,453.81,108,2,80030082,100
424.68,507.65,108,2,80030102,100
424.68,564.06,108,2,80030122,100
424.68,617.9,108,2,80030142,100
424.68,671.74,108,2,80030162,100
424.68,728.15,108,2,80030182,100
424.68,781.99,108,2,80030202,100
424.68,852.5,108,2,80030222,100
424.68,907.62,108,2,80030242,100
424.68,961.46,108,2,80030262,100
424.68,1015.3,108,2,80030282,100
424.68,1069.15,108,2,80030302,100
424.68,1122.99,108,2,80030322,100
424.68,1178.11,108,2,80030342,100
424.68,1248.62,108,2,80030362,100
424.68,1302.46,108,2,80030382,100
424.68,1358.87,108,2,80030402,100
424.68,1412.71,108,2,80030422,100
424.68,1467.83,108,2,80030442,100
424.68,1522.96,108,2,80030462,100
424.68,1576.8,108,2,80030482,100
424.68,1647.31,108,2,80030502,100
424.68,1702.43,108,2,80030522,100
424.68,1756.27,108,2,80030542,100
424.68,1810.11,108,2,80030562,100
424.68,1863.96,108,2,80030582,100
424.68,1919.08,108,2,80030602,100
424.68,1974.2,108,2,80030622,100
424.68,2043.43,108,2,80030642,100
424.68,2099.83,108,2,80030662,100
424.68,2153.68,108,2,80030682,100
424.68,2208.8,108,2,80030702,100
424.68,2262.64,108,2,80030722,100
424.68,2317.77,108,2,80030742,100
424.68,2371.61,108,2,80030762,100
424.68,2443.4,108,2,80030782,100
424.68,2497.24,108,2,80030802,100
424.68,2551.08,108,2,80030822,100
424.68,2604.92,108,2,80030842,100
424.68,2658.76,108,2,80030862,100
424.68,2715.17,108,2,80030882,100
424.68,2769.01,108,2,80030902,100
424.68,2839.52,108,2,80030922,100
424.68,2894.64,108,2,80030942,100
424.68,2949.77,108,2,80030962,100
424.68,3003.61,108,2,80030982,100
424.68,3058.73,108,2,80031002,100
424.68,3112.58,108,2,80031022,100
424.68,3166.42,108,2,80031042,100
424.68,3238.21,108,2,80031062,100
424.68,3292.05,108,2,80031082,100
424.68,3345.89,108,2,80031102,100
424.68,3399.73,108,2,80031122,100
424.68,3471.52,108,2,80031142,100
424.68,3525.36,108,2,80031162,100
424.68,3580.49,108,2,80031182,100
424.68,3635.61,108,2,80031202,100
424.68,3689.45,108,2,80031222,100
424.68,3744.58,108,2,80031242,100
424.68,3798.42,108,2,80031262,100
424.68,3894.57,108,2,80031282,100
424.68,3949.69,108,2,80031302,100
327.17,246.13,108,2,80040012,100
327.17,302.54,108,2,80040032,100
327.17,356.38,108,2,80040052,100
327.17,411.51,108,2,80040072,100
327.17,465.35,108,2,80040092,100
327.17,519.19,108,2,80040112,100
327.17,574.31,108,2,80040132,100
327.17,628.16,108,2,80040152,100
327.17,682,108,2,80040172,100
327.17,735.84,108,2,80040192,100
327.17,792.25,108,2,80040212,100
327.17,846.09,108,2,80040232,100
327.17,901.21,108,2,80040252,100
327.17,955.05,108,2,80040272,100
327.17,1010.18,108,2,80040292,100
327.17,1064.02,108,2,80040312,100
327.17,1117.86,108,2,80040332,100
327.17,1171.7,108,2,80040352,100
327.17,1225.54,108,2,80040372,100
327.17,1281.95,108,2,80040392,100
327.17,1335.79,108,2,80040412,100
327.17,1390.92,108,2,80040432,100
327.17,1446.04,108,2,80040452,100
327.17,1499.88,108,2,80040472,100
327.17,1553.72,108,2,80040492,100
327.17,1607.57,108,2,80040512,100
327.17,1676.79,108,2,80040532,100
327.17,1730.63,108,2,80040552,100
327.17,1787.04,108,2,80040572,100
327.17,1840.88,108,2,80040592,100
327.17,1894.72,108,2,80040612,100
327.17,1949.85,108,2,80040632,100
327.17,2004.97,108,2,80040652,100
327.17,2058.81,108,2,80040672,100
327.17,2112.65,108,2,80040692,100
327.17,2166.5,108,2,80040712,100
327.17,2220.34,108,2,80040732,100
327.17,2276.74,108,2,80040752,100
327.17,2330.59,108,2,80040772,100
327.17,2385.71,108,2,80040792,100
327.17,2439.55,108,2,80040812,100
327.17,2494.68,108,2,80040832,100
327.17,2548.52,108,2,80040852,100
327.17,2602.36,108,2,80040872,100
327.17,2656.2,108,2,80040892,100
327.17,2711.32,108,2,80040912,100
327.17,2766.45,108,2,80040932,100
327.17,2820.29,108,2,80040952,100
327.17,2875.41,108,2,80040972,100
327.17,2930.54,108,2,80040992,100
327.17,2984.38,108,2,80041012,100
327.17,3038.22,108,2,80041032,100
327.17,3092.06,108,2,80041052,100
327.17,3145.91,108,2,80041072,100
327.17,3201.03,108,2,80041092,100
327.17,3256.15,108,2,80041112,100
327.17,3310,108,2,80041132,100
327.17,3366.4,108,2,80041152,100
327.17,3420.24,108,2,80041172,100
327.17,3474.09,108,2,80041192,100
327.17,3527.93,108,2,80041212,100
327.17,3581.77,108,2,80041232,100
327.17,3636.89,108,2,80041252,100
327.17,3692.02,108,2,80041272,100
327.17,3745.86,108,2,80041292,100
327.17,3799.7,108,2,80041312,100
327.17,3856.11,108,2,80041332,100
327.17,3909.95,108,2,80041352,100
327.17,3963.79,108,2,80041372,100
82.11,246.13,108,2,80040022,100
82.11,301.26,108,2,80040042,100
82.11,356.38,108,2,80040062,100
82.11,410.22,108,2,80040082,100
82.11,465.35,108,2,80040102,100
82.11,520.47,108,2,80040122,100
82.11,574.31,108,2,80040142,100
82.11,628.16,108,2,80040162,100
82.11,682,108,2,80040182,100
82.11,737.12,108,2,80040202,100
82.11,790.96,108,2,80040222,100
82.11,846.09,108,2,80040242,100
82.11,899.93,108,2,80040262,100
82.11,955.05,108,2,80040282,100
82.11,1010.18,108,2,80040302,100
82.11,1064.02,108,2,80040322,100
82.11,1117.86,108,2,80040342,100
82.11,1171.7,108,2,80040362,100
82.11,1226.83,108,2,80040382,100
82.11,1281.95,108,2,80040402,100
82.11,1335.79,108,2,80040422,100
82.11,1389.63,108,2,80040442,100
82.11,1446.04,108,2,80040462,100
82.11,1499.88,108,2,80040482,100
82.11,1553.72,108,2,80040502,100
82.11,1607.57,108,2,80040522,100
82.11,1676.79,108,2,80040542,100
82.11,1731.91,108,2,80040562,100
82.11,1785.76,108,2,80040582,100
82.11,1840.88,108,2,80040602,100
82.11,1894.72,108,2,80040622,100
82.11,1949.85,108,2,80040642,100
82.11,2004.97,108,2,80040662,100
82.11,2058.81,108,2,80040682,100
82.11,2112.65,108,2,80040702,100
82.11,2166.5,108,2,80040722,100
82.11,2221.62,108,2,80040742,100
82.11,2275.46,108,2,80040762,100
82.11,2330.59,108,2,80040782,100
82.11,2384.43,108,2,80040802,100
82.11,2440.83,108,2,80040822,100
82.11,2494.68,108,2,80040842,100
82.11,2548.52,108,2,80040862,100
82.11,2602.36,108,2,80040882,100
82.11,2656.2,108,2,80040902,100
82.11,2711.32,108,2,80040922,100
82.11,2766.45,108,2,80040942,100
82.11,2820.29,108,2,80040962,100
82.11,2874.13,108,2,80040982,100
82.11,2930.54,108,2,80041002,100
82.11,2984.38,108,2,80041022,100
82.11,3038.22,108,2,80041042,100
82.11,3092.06,108,2,80041062,100
82.11,3145.91,108,2,80041082,100
82.11,3202.31,108,2,80041102,100
82.11,3256.15,108,2,80041122,100
82.11,3310,108,2,80041142,100
82.11,3365.12,108,2,80041162,100
82.11,3420.24,108,2,80041182,100
82.11,3474.09,108,2,80041202,100
82.11,3527.93,108,2,80041222,100
82.11,3581.77,108,2,80041242,100
82.11,3638.18,108,2,80041262,100
82.11,3692.02,108,2,80041282,100
82.11,3745.86,108,2,80041302,100
82.11,3800.98,108,2,80041322,100
82.11,3854.82,108,2,80041342,100
82.11,3909.95,108,2,80041362,100
82.11,3963.79,108,2,80041382,100
1011.02,4176.59,108,2,80050012,100
957.14,4176.59,108,2,80050022,100
901.97,4176.59,108,2,80050032,100
848.08,4176.59,108,2,80050042,100
792.91,4176.59,108,2,80050052,100
737.74,4176.59,108,2,80050062,100
683.85,4176.59,108,2,80050072,100
629.97,4176.59,108,2,80050082,100
574.8,4176.59,108,2,80050092,100
520.91,4176.59,108,2,80050102,100
465.74,4176.59,108,2,80050112,100
411.85,4176.59,108,2,80050122,100
356.68,4176.59,108,2,80050132,100
227.1,4176.59,108,2,80050142,100
171.93,4176.59,108,2,80050152,100
118.04,4176.59,108,2,80050162,100
64.15,4176.59,108,2,80050172,100
831.4,50,172,1,80010013,78
734.53,50,172,1,80010023,78
779.44,50,172,1,80010033,78
639.59,50,172,1,80010043,78
684.49,50,172,1,80010053,78
542.72,50,172,1,80010063,78
588.91,50,172,1,80010073,78
447.13,50,172,1,80010083,78
492.04,50,172,1,80010093,78
351.55,50,172,1,80010103,78
395.17,50,172,1,80010113,78
254.68,50,172,1,80010123,78
299.59,50,172,1,80010133,78
159.74,50,172,1,80010143,78
204.64,50,172,1,80010153,78
62.23,50,172,1,80010163,78
107.13,50,172,1,80010173,78
1014.87,3864.44,172,1,80021273,78
1014.87,3909.31,172,1,80021293,78
1014.87,3962.51,172,1,80021313,78
989.21,246.13,186,2,80020013,56
989.21,301.26,186,2,80020033,56
989.21,356.38,186,2,80020053,56
989.21,453.81,186,2,80020073,56
989.21,507.65,186,2,80020093,56
989.21,564.06,186,2,80020113,56
989.21,617.9,186,2,80020133,56
989.21,671.74,186,2,80020153,56
989.21,728.15,186,2,80020173,56
989.21,781.99,186,2,80020193,56
989.21,852.5,186,2,80020213,56
989.21,907.62,186,2,80020233,56
989.21,961.46,186,2,80020253,56
989.21,1015.3,186,2,80020273,56
989.21,1069.15,186,2,80020293,56
989.21,1122.99,186,2,80020313,56
989.21,1178.11,186,2,80020333,56
989.21,1248.62,186,2,80020353,56
989.21,1302.46,186,2,80020373,56
989.21,1358.87,186,2,80020393,56
989.21,1412.71,186,2,80020413,56
989.21,1467.83,186,2,80020433,56
989.21,1522.96,186,2,80020453,56
989.21,1576.8,186,2,80020473,56
989.21,1647.31,186,2,80020493,56
989.21,1702.43,186,2,80020513,56
989.21,1756.27,186,2,80020533,56
989.21,1810.11,186,2,80020553,56
989.21,1863.96,186,2,80020573,56
989.21,1919.08,186,2,80020593,56
989.21,1974.2,186,2,80020613,56
989.21,2043.43,186,2,80020633,56
989.21,2099.83,186,2,80020653,56
989.21,2153.68,186,2,80020673,56
989.21,2208.8,186,2,80020693,56
989.21,2262.64,186,2,80020713,56
989.21,2317.77,186,2,80020733,56
989.21,2371.61,186,2,80020753,56
989.21,2443.4,186,2,80020773,56
989.21,2497.24,186,2,80020793,56
989.21,2551.08,186,2,80020813,56
989.21,2604.92,186,2,80020833,56
989.21,2658.76,186,2,80020853,56
989.21,2715.17,186,2,80020873,56
989.21,2769.01,186,2,80020893,56
989.21,2839.52,186,2,80020913,56
989.21,2894.64,186,2,80020933,56
989.21,2949.77,186,2,80020953,56
989.21,3003.61,186,2,80020973,56
989.21,3058.73,186,2,80020993,56
989.21,3112.58,186,2,80021013,56
989.21,3166.42,186,2,80021033,56
989.21,3238.21,186,2,80021053,56
989.21,3292.05,186,2,80021073,56
989.21,3345.89,186,2,80021093,56
989.21,3399.73,186,2,80021113,56
989.21,3471.52,186,2,80021133,56
989.21,3525.36,186,2,80021153,56
989.21,3580.49,186,2,80021173,56
989.21,3635.61,186,2,80021193,56
989.21,3689.45,186,2,80021213,56
989.21,3744.58,186,2,80021233,56
989.21,3798.42,186,2,80021253,56
760.83,246.13,186,2,80020023,56
760.83,301.26,186,2,80020043,56
760.83,356.38,186,2,80020063,56
760.83,453.81,186,2,80020083,56
760.83,507.65,186,2,80020103,56
760.83,564.06,186,2,80020123,56
760.83,617.9,186,2,80020143,56
760.83,671.74,186,2,80020163,56
760.83,726.87,186,2,80020183,56
760.83,781.99,186,2,80020203,56
760.83,851.22,186,2,80020223,56
760.83,907.62,186,2,80020243,56
760.83,961.46,186,2,80020263,56
760.83,1015.3,186,2,80020283,56
760.83,1069.15,186,2,80020303,56
760.83,1122.99,186,2,80020323,56
760.83,1179.39,186,2,80020343,56
760.83,1248.62,186,2,80020363,56
760.83,1303.74,186,2,80020383,56
760.83,1358.87,186,2,80020403,56
760.83,1412.71,186,2,80020423,56
760.83,1466.55,186,2,80020443,56
760.83,1522.96,186,2,80020463,56
760.83,1576.8,186,2,80020483,56
760.83,1684.48,186,2,80020503,56
760.83,1739.61,186,2,80020523,56
760.83,1794.73,186,2,80020543,56
760.83,1848.57,186,2,80020563,56
760.83,1903.7,186,2,80020583,56
760.83,1958.82,186,2,80020603,56
760.83,2028.05,186,2,80020623,56
760.83,2083.17,186,2,80020643,56
760.83,2138.29,186,2,80020663,56
760.83,2192.14,186,2,80020683,56
760.83,2245.98,186,2,80020703,56
760.83,2299.82,186,2,80020723,56
760.83,2356.22,186,2,80020743,56
760.83,2425.45,186,2,80020763,56
760.83,2480.57,186,2,80020783,56
760.83,2535.7,186,2,80020803,56
760.83,2589.54,186,2,80020823,56
760.83,2643.38,186,2,80020843,56
760.83,2699.79,186,2,80020863,56
760.83,2753.63,186,2,80020883,56
760.83,2824.14,186,2,80020903,56
760.83,2879.26,186,2,80020923,56
760.83,2933.1,186,2,80020943,56
760.83,2986.94,186,2,80020963,56
760.83,3040.79,186,2,80020983,56
760.83,3095.91,186,2,80021003,56
760.83,3151.03,186,2,80021023,56
760.83,3221.54,186,2,80021043,56
760.83,3275.38,186,2,80021063,56
760.83,3330.51,186,2,80021083,56
760.83,3384.35,186,2,80021103,56
760.83,3456.14,186,2,80021123,56
760.83,3509.98,186,2,80021143,56
760.83,3565.1,186,2,80021163,56
760.83,3620.23,186,2,80021183,56
760.83,3674.07,186,2,80021203,56
760.83,3727.91,186,2,80021223,56
760.83,3781.75,186,2,80021243,56
760.83,3879.18,186,2,80021263,56
760.83,3933.02,186,2,80021283,56
663.32,246.13,216,2,80030013,100
663.32,301.26,216,2,80030033,100
663.32,356.38,216,2,80030053,100
663.32,410.22,216,2,80030073,100
663.32,465.35,216,2,80030093,100
663.32,520.47,216,2,80030113,100
663.32,574.31,216,2,80030133,100
663.32,628.16,216,2,80030153,100
663.32,682,216,2,80030173,100
663.32,737.12,216,2,80030193,100
663.32,790.96,216,2,80030213,100
663.32,846.09,216,2,80030233,100
663.32,899.93,216,2,80030253,100
663.32,955.05,216,2,80030273,100
663.32,1010.18,216,2,80030293,100
663.32,1064.02,216,2,80030313,100
663.32,1117.86,216,2,80030333,100
663.32,1171.7,216,2,80030353,100
663.32,1226.83,216,2,80030373,100
663.32,1281.95,216,2,80030393,100
663.32,1335.79,216,2,80030413,100
663.32,1389.63,216,2,80030433,100
663.32,1446.04,216,2,80030453,100
663.32,1499.88,216,2,80030473,100
663.32,1553.72,216,2,80030493,100
663.32,1607.57,216,2,80030513,100
663.32,1676.79,216,2,80030533,100
663.32,1731.91,216,2,80030553,100
663.32,1785.76,216,2,80030573,100
663.32,1840.88,216,2,80030593,100
663.32,1894.72,216,2,80030613,100
663.32,1949.85,216,2,80030633,100
663.32,2004.97,216,2,80030653,100
663.32,2058.81,216,2,80030673,100
663.32,2112.65,216,2,80030693,100
663.32,2166.5,216,2,80030713,100
663.32,2221.62,216,2,80030733,100
663.32,2275.46,216,2,80030753,100
663.32,2330.59,216,2,80030773,100
663.32,2384.43,216,2,80030793,100
663.32,2440.83,216,2,80030813,100
663.32,2494.68,216,2,80030833,100
663.32,2548.52,216,2,80030853,100
663.32,2602.36,216,2,80030873,100
663.32,2656.2,216,2,80030893,100
663.32,2711.32,216,2,80030913,100
663.32,2766.45,216,2,80030933,100
663.32,2820.29,216,2,80030953,100
663.32,2874.13,216,2,80030973,100
663.32,2930.54,216,2,80030993,100
663.32,2984.38,216,2,80031013,100
663.32,3038.22,216,2,80031033,100
663.32,3092.06,216,2,80031053,100
663.32,3145.91,216,2,80031073,100
663.32,3202.31,216,2,80031093,100
663.32,3256.15,216,2,80031113,100
663.32,3310,216,2,80031133,100
663.32,3365.12,216,2,80031153,100
663.32,3420.24,216,2,80031173,100
663.32,3474.09,216,2,80031193,100
663.32,3527.93,216,2,80031213,100
663.32,3581.77,216,2,80031233,100
663.32,3636.89,216,2,80031253,100
663.32,3692.02,216,2,80031273,100
663.32,3745.86,216,2,80031293,100
663.32,3800.98,216,2,80031313,100
663.32,3854.82,216,2,80031333,100
663.32,3909.95,216,2,80031353,100
663.32,3963.79,216,2,80031373,100
424.68,246.13,216,2,80030023,100
424.68,301.26,216,2,80030043,100
424.68,356.38,216,2,80030063,100
424.68,453.81,216,2,80030083,100
424.68,507.65,216,2,80030103,100
424.68,564.06,216,2,80030123,100
424.68,617.9,216,2,80030143,100
424.68,671.74,216,2,80030163,100
424.68,728.15,216,2,80030183,100
424.68,781.99,216,2,80030203,100
424.68,852.5,216,2,80030223,100
424.68,907.62,216,2,80030243,100
424.68,961.46,216,2,80030263,100
424.68,1015.3,216,2,80030283,100
424.68,1069.15,216,2,80030303,100
424.68,1122.99,216,2,80030323,100
424.68,1178.11,216,2,80030343,100
424.68,1248.62,216,2,80030363,100
424.68,1302.46,216,2,80030383,100
424.68,1358.87,216,2,80030403,100
424.68,1412.71,216,2,80030423,100
424.68,1467.83,216,2,80030443,100
424.68,1522.96,216,2,80030463,100
424.68,1576.8,216,2,80030483,100
424.68,1647.31,216,2,80030503,100
424.68,1702.43,216,2,80030523,100
424.68,1756.27,216,2,80030543,100
424.68,1810.11,216,2,80030563,100
424.68,1863.96,216,2,80030583,100
424.68,1919.08,216,2,80030603,100
424.68,1974.2,216,2,80030623,100
424.68,2043.43,216,2,80030643,100
424.68,2099.83,216,2,80030663,100
424.68,2153.68,216,2,80030683,100
424.68,2208.8,216,2,80030703,100
424.68,2262.64,216,2,80030723,100
424.68,2317.77,216,2,80030743,100
424.68,2371.61,216,2,80030763,100
424.68,2443.4,216,2,80030783,100
424.68,2497.24,216,2,80030803,100
424.68,2551.08,216,2,80030823,100
424.68,2604.92,216,2,80030843,100
424.68,2658.76,216,2,80030863,100
424.68,2715.17,216,2,80030883,100
424.68,2769.01,216,2,80030903,100
424.68,2839.52,216,2,80030923,100
424.68,2894.64,216,2,80030943,100
424.68,2949.77,216,2,80030963,100
424.68,3003.61,216,2,80030983,100
424.68,3058.73,216,2,80031003,100
424.68,3112.58,216,2,80031023,100
424.68,3166.42,216,2,80031043,100
424.68,3238.21,216,2,80031063,100
424.68,3292.05,216,2,80031083,100
424.68,3345.89,216,2,80031103,100
424.68,3399.73,216,2,80031123,100
424.68,3471.52,216,2,80031143,100
424.68,3525.36,216,2,80031163,100
424.68,3580.49,216,2,80031183,100
424.68,3635.61,216,2,80031203,100
424.68,3689.45,216,2,80031223,100
424.68,3744.58,216,2,80031243,100
424.68,3798.42,216,2,80031263,100
424.68,3894.57,216,2,80031283,100
424.68,3949.69,216,2,80031303,100
327.17,246.13,216,2,80040013,100
327.17,302.54,216,2,80040033,100
327.17,356.38,216,2,80040053,100
327.17,411.51,216,2,80040073,100
327.17,465.35,216,2,80040093,100
327.17,519.19,216,2,80040113,100
327.17,574.31,216,2,80040133,100
327.17,628.16,216,2,80040153,100
327.17,682,216,2,80040173,100
327.17,735.84,216,2,80040193,100
327.17,792.25,216,2,80040213,100
327.17,846.09,216,2,80040233,100
327.17,901.21,216,2,80040253,100
327.17,955.05,216,2,80040273,100
327.17,1010.18,216,2,80040293,100
327.17,1064.02,216,2,80040313,100
327.17,1117.86,216,2,80040333,100
327.17,1171.7,216,2,80040353,100
327.17,1225.54,216,2,80040373,100
327.17,1281.95,216,2,80040393,100
327.17,1335.79,216,2,80040413,100
327.17,1390.92,216,2,80040433,100
327.17,1446.04,216,2,80040453,100
327.17,1499.88,216,2,80040473,100
327.17,1553.72,216,2,80040493,100
327.17,1607.57,216,2,80040513,100
327.17,1676.79,216,2,80040533,100
327.17,1730.63,216,2,80040553,100
327.17,1787.04,216,2,80040573,100
327.17,1840.88,216,2,80040593,100
327.17,1894.72,216,2,80040613,100
327.17,1949.85,216,2,80040633,100
327.17,2004.97,216,2,80040653,100
327.17,2058.81,216,2,80040673,100
327.17,2112.65,216,2,80040693,100
327.17,2166.5,216,2,80040713,100
327.17,2220.34,216,2,80040733,100
327.17,2276.74,216,2,80040753,100
327.17,2330.59,216,2,80040773,100
327.17,2385.71,216,2,80040793,100
327.17,2439.55,216,2,80040813,100
327.17,2494.68,216,2,80040833,100
327.17,2548.52,216,2,80040853,100
327.17,2602.36,216,2,80040873,100
327.17,2656.2,216,2,80040893,100
327.17,2711.32,216,2,80040913,100
327.17,2766.45,216,2,80040933,100
327.17,2820.29,216,2,80040953,100
327.17,2875.41,216,2,80040973,100
327.17,2930.54,216,2,80040993,100
327.17,2984.38,216,2,80041013,100
327.17,3038.22,216,2,80041033,100
327.17,3092.06,216,2,80041053,100
327.17,3145.91,216,2,80041073,100
327.17,3201.03,216,2,80041093,100
327.17,3256.15,216,2,80041113,100
327.17,3310,216,2,80041133,100
327.17,3366.4,216,2,80041153,100
327.17,3420.24,216,2,80041173,100
327.17,3474.09,216,2,80041193,100
327.17,3527.93,216,2,80041213,100
327.17,3581.77,216,2,80041233,100
327.17,3636.89,216,2,80041253,100
327.17,3692.02,216,2,80041273,100
327.17,3745.86,216,2,80041293,100
327.17,3799.7,216,2,80041313,100
327.17,3856.11,216,2,80041333,100
327.17,3909.95,216,2,80041353,100
327.17,3963.79,216,2,80041373,100
82.11,246.13,216,2,80040023,100
82.11,301.26,216,2,80040043,100
82.11,356.38,216,2,80040063,100
82.11,410.22,216,2,80040083,100
82.11,465.35,216,2,80040103,100
82.11,520.47,216,2,80040123,100
82.11,574.31,216,2,80040143,100
82.11,628.16,216,2,80040163,100
82.11,682,216,2,80040183,100
82.11,737.12,216,2,80040203,100
82.11,790.96,216,2,80040223,100
82.11,846.09,216,2,80040243,100
82.11,899.93,216,2,80040263,100
82.11,955.05,216,2,80040283,100
82.11,1010.18,216,2,80040303,100
82.11,1064.02,216,2,80040323,100
82.11,1117.86,216,2,80040343,100
82.11,1171.7,216,2,80040363,100
82.11,1226.83,216,2,80040383,100
82.11,1281.95,216,2,80040403,100
82.11,1335.79,216,2,80040423,100
82.11,1389.63,216,2,80040443,100
82.11,1446.04,216,2,80040463,100
82.11,1499.88,216,2,80040483,100
82.11,1553.72,216,2,80040503,100
82.11,1607.57,216,2,80040523,100
82.11,1676.79,216,2,80040543,100
82.11,1731.91,216,2,80040563,100
82.11,1785.76,216,2,80040583,100
82.11,1840.88,216,2,80040603,100
82.11,1894.72,216,2,80040623,100
82.11,1949.85,216,2,80040643,100
82.11,2004.97,216,2,80040663,100
82.11,2058.81,216,2,80040683,100
82.11,2112.65,216,2,80040703,100
82.11,2166.5,216,2,80040723,100
82.11,2221.62,216,2,80040743,100
82.11,2275.46,216,2,80040763,100
82.11,2330.59,216,2,80040783,100
82.11,2384.43,216,2,80040803,100
82.11,2440.83,216,2,80040823,100
82.11,2494.68,216,2,80040843,100
82.11,2548.52,216,2,80040863,100
82.11,2602.36,216,2,80040883,100
82.11,2656.2,216,2,80040903,100
82.11,2711.32,216,2,80040923,100
82.11,2766.45,216,2,80040943,100
82.11,2820.29,216,2,80040963,100
82.11,2874.13,216,2,80040983,100
82.11,2930.54,216,2,80041003,100
82.11,2984.38,216,2,80041023,100
82.11,3038.22,216,2,80041043,100
82.11,3092.06,216,2,80041063,100
82.11,3145.91,216,2,80041083,100
82.11,3202.31,216,2,80041103,100
82.11,3256.15,216,2,80041123,100
82.11,3310,216,2,80041143,100
82.11,3365.12,216,2,80041163,100
82.11,3420.24,216,2,80041183,100
82.11,3474.09,216,2,80041203,100
82.11,3527.93,216,2,80041223,100
82.11,3581.77,216,2,80041243,100
82.11,3638.18,216,2,80041263,100
82.11,3692.02,216,2,80041283,100
82.11,3745.86,216,2,80041303,100
82.11,3800.98,216,2,80041323,100
82.11,3854.82,216,2,80041343,100
82.11,3909.95,216,2,80041363,100
82.11,3963.79,216,2,80041383,100
1011.02,4176.59,216,2,80050013,100
957.14,4176.59,216,2,80050023,100
901.97,4176.59,216,2,80050033,100
848.08,4176.59,216,2,80050043,100
792.91,4176.59,216,2,80050053,100
737.74,4176.59,216,2,80050063,100
683.85,4176.59,216,2,80050073,100
629.97,4176.59,216,2,80050083,100
574.8,4176.59,216,2,80050093,100
520.91,4176.59,216,2,80050103,100
465.74,4176.59,216,2,80050113,100
411.85,4176.59,216,2,80050123,100
356.68,4176.59,216,2,80050133,100
227.1,4176.59,216,2,80050143,100
171.93,4176.59,216,2,80050153,100
118.04,4176.59,216,2,80050163,100
64.15,4176.59,216,2,80050173,100
989.21,246.13,250,2,80020014,56
989.21,301.26,250,2,80020034,56
989.21,356.38,250,2,80020054,56
989.21,453.81,250,2,80020074,56
989.21,507.65,250,2,80020094,56
989.21,564.06,250,2,80020114,56
989.21,617.9,250,2,80020134,56
989.21,671.74,250,2,80020154,56
989.21,728.15,250,2,80020174,56
989.21,781.99,250,2,80020194,56
989.21,852.5,250,2,80020214,56
989.21,907.62,250,2,80020234,56
989.21,961.46,250,2,80020254,56
989.21,1015.3,250,2,80020274,56
989.21,1069.15,250,2,80020294,56
989.21,1122.99,250,2,80020314,56
989.21,1178.11,250,2,80020334,56
989.21,1248.62,250,2,80020354,56
989.21,1302.46,250,2,80020374,56
989.21,1358.87,250,2,80020394,56
989.21,1412.71,250,2,80020414,56
989.21,1467.83,250,2,80020434,56
989.21,1522.96,250,2,80020454,56
989.21,1576.8,250,2,80020474,56
989.21,1647.31,250,2,80020494,56
989.21,1702.43,250,2,80020514,56
989.21,1756.27,250,2,80020534,56
989.21,1810.11,250,2,80020554,56
989.21,1863.96,250,2,80020574,56
989.21,1919.08,250,2,80020594,56
989.21,1974.2,250,2,80020614,56
989.21,2043.43,250,2,80020634,56
989.21,2099.83,250,2,80020654,56
989.21,2153.68,250,2,80020674,56
989.21,2208.8,250,2,80020694,56
989.21,2262.64,250,2,80020714,56
989.21,2317.77,250,2,80020734,56
989.21,2371.61,250,2,80020754,56
989.21,2443.4,250,2,80020774,56
989.21,2497.24,250,2,80020794,56
989.21,2551.08,250,2,80020814,56
989.21,2604.92,250,2,80020834,56
989.21,2658.76,250,2,80020854,56
989.21,2715.17,250,2,80020874,56
989.21,2769.01,250,2,80020894,56
989.21,2839.52,250,2,80020914,56
989.21,2894.64,250,2,80020934,56
989.21,2949.77,250,2,80020954,56
989.21,3003.61,250,2,80020974,56
989.21,3058.73,250,2,80020994,56
989.21,3112.58,250,2,80021014,56
989.21,3166.42,250,2,80021034,56
989.21,3238.21,250,2,80021054,56
989.21,3292.05,250,2,80021074,56
989.21,3345.89,250,2,80021094,56
989.21,3399.73,250,2,80021114,56
989.21,3471.52,250,2,80021134,56
989.21,3525.36,250,2,80021154,56
989.21,3580.49,250,2,80021174,56
989.21,3635.61,250,2,80021194,56
989.21,3689.45,250,2,80021214,56
989.21,3744.58,250,2,80021234,56
989.21,3798.42,250,2,80021254,56
760.83,246.13,250,2,80020024,56
760.83,301.26,250,2,80020044,56
760.83,356.38,250,2,80020064,56
760.83,453.81,250,2,80020084,56
760.83,507.65,250,2,80020104,56
760.83,564.06,250,2,80020124,56
760.83,617.9,250,2,80020144,56
760.83,671.74,250,2,80020164,56
760.83,726.87,250,2,80020184,56
760.83,781.99,250,2,80020204,56
760.83,851.22,250,2,80020224,56
760.83,907.62,250,2,80020244,56
760.83,961.46,250,2,80020264,56
760.83,1015.3,250,2,80020284,56
760.83,1069.15,250,2,80020304,56
760.83,1122.99,250,2,80020324,56
760.83,1179.39,250,2,80020344,56
760.83,1248.62,250,2,80020364,56
760.83,1303.74,250,2,80020384,56
760.83,1358.87,250,2,80020404,56
760.83,1412.71,250,2,80020424,56
760.83,1466.55,250,2,80020444,56
760.83,1522.96,250,2,80020464,56
760.83,1576.8,250,2,80020484,56
760.83,1684.48,250,2,80020504,56
760.83,1739.61,250,2,80020524,56
760.83,1794.73,250,2,80020544,56
760.83,1848.57,250,2,80020564,56
760.83,1903.7,250,2,80020584,56
760.83,1958.82,250,2,80020604,56
760.83,2028.05,250,2,80020624,56
760.83,2083.17,250,2,80020644,56
760.83,2138.29,250,2,80020664,56
760.83,2192.14,250,2,80020684,56
760.83,2245.98,250,2,80020704,56
760.83,2299.82,250,2,80020724,56
760.83,2356.22,250,2,80020744,56
760.83,2425.45,250,2,80020764,56
760.83,2480.57,250,2,80020784,56
760.83,2535.7,250,2,80020804,56
760.83,2589.54,250,2,80020824,56
760.83,2643.38,250,2,80020844,56
760.83,2699.79,250,2,80020864,56
760.83,2753.63,250,2,80020884,56
760.83,2824.14,250,2,80020904,56
760.83,2879.26,250,2,80020924,56
760.83,2933.1,250,2,80020944,56
760.83,2986.94,250,2,80020964,56
760.83,3040.79,250,2,80020984,56
760.83,3095.91,250,2,80021004,56
760.83,3151.03,250,2,80021024,56
760.83,3221.54,250,2,80021044,56
760.83,3275.38,250,2,80021064,56
760.83,3330.51,250,2,80021084,56
760.83,3384.35,250,2,80021104,56
760.83,3456.14,250,2,80021124,56
760.83,3509.98,250,2,80021144,56
760.83,3565.1,250,2,80021164,56
760.83,3620.23,250,2,80021184,56
760.83,3674.07,250,2,80021204,56
760.83,3727.91,250,2,80021224,56
760.83,3781.75,250,2,80021244,56
760.83,3879.18,250,2,80021264,56
760.83,3933.02,250,2,80021284,56
831.4,50,258,1,80010014,48
734.53,50,258,1,80010024,48
779.44,50,258,1,80010034,48
639.59,50,258,1,80010044,48
684.49,50,258,1,80010054,48
542.72,50,258,1,80010064,48
588.91,50,258,1,80010074,48
447.13,50,258,1,80010084,48
492.04,50,258,1,80010094,48
351.55,50,258,1,80010104,48
395.17,50,258,1,80010114,48
254.68,50,258,1,80010124,48
299.59,50,258,1,80010134,48
159.74,50,258,1,80010144,48
204.64,50,258,1,80010154,48
62.23,50,258,1,80010164,48
107.13,50,258,1,80010174,48
1014.87,3864.44,258,1,80021274,48
1014.87,3909.31,258,1,80021294,48
1014.87,3962.51,258,1,80021314,48
989.21,246.13,314,2,80020015,78
989.21,301.26,314,2,80020035,78
989.21,356.38,314,2,80020055,78
989.21,453.81,314,2,80020075,78
989.21,507.65,314,2,80020095,78
989.21,564.06,314,2,80020115,78
989.21,617.9,314,2,80020135,78
989.21,671.74,314,2,80020155,78
989.21,728.15,314,2,80020175,78
989.21,781.99,314,2,80020195,78
989.21,852.5,314,2,80020215,78
989.21,907.62,314,2,80020235,78
989.21,961.46,314,2,80020255,78
989.21,1015.3,314,2,80020275,78
989.21,1069.15,314,2,80020295,78
989.21,1122.99,314,2,80020315,78
989.21,1178.11,314,2,80020335,78
989.21,1248.62,314,2,80020355,78
989.21,1302.46,314,2,80020375,78
989.21,1358.87,314,2,80020395,78
989.21,1412.71,314,2,80020415,78
989.21,1467.83,314,2,80020435,78
989.21,1522.96,314,2,80020455,78
989.21,1576.8,314,2,80020475,78
989.21,1647.31,314,2,80020495,78
989.21,1702.43,314,2,80020515,78
989.21,1756.27,314,2,80020535,78
989.21,1810.11,314,2,80020555,78
989.21,1863.96,314,2,80020575,78
989.21,1919.08,314,2,80020595,78
989.21,1974.2,314,2,80020615,78
989.21,2043.43,314,2,80020635,78
989.21,2099.83,314,2,80020655,78
989.21,2153.68,314,2,80020675,78
989.21,2208.8,314,2,80020695,78
989.21,2262.64,314,2,80020715,78
989.21,2317.77,314,2,80020735,78
989.21,2371.61,314,2,80020755,78
989.21,2443.4,314,2,80020775,78
989.21,2497.24,314,2,80020795,78
989.21,2551.08,314,2,80020815,78
989.21,2604.92,314,2,80020835,78
989.21,2658.76,314,2,80020855,78
989.21,2715.17,314,2,80020875,78
989.21,2769.01,314,2,80020895,78
989.21,2839.52,314,2,80020915,78
989.21,2894.64,314,2,80020935,78
989.21,2949.77,314,2,80020955,78
989.21,3003.61,314,2,80020975,78
989.21,3058.73,314,2,80020995,78
989.21,3112.58,314,2,80021015,78
989.21,3166.42,314,2,80021035,78
989.21,3238.21,314,2,80021055,78
989.21,3292.05,314,2,80021075,78
989.21,3345.89,314,2,80021095,78
989.21,3399.73,314,2,80021115,78
989.21,3471.52,314,2,80021135,78
989.21,3525.36,314,2,80021155,78
989.21,3580.49,314,2,80021175,78
989.21,3635.61,314,2,80021195,78
989.21,3689.45,314,2,80021215,78
989.21,3744.58,314,2,80021235,78
989.21,3798.42,314,2,80021255,78
760.83,246.13,314,2,80020025,78
760.83,301.26,314,2,80020045,78
760.83,356.38,314,2,80020065,78
760.83,453.81,314,2,80020085,78
760.83,507.65,314,2,80020105,78
760.83,564.06,314,2,80020125,78
760.83,617.9,314,2,80020145,78
760.83,671.74,314,2,80020165,78
760.83,726.87,314,2,80020185,78
760.83,781.99,314,2,80020205,78
760.83,851.22,314,2,80020225,78
760.83,907.62,314,2,80020245,78
760.83,961.46,314,2,80020265,78
760.83,1015.3,314,2,80020285,78
760.83,1069.15,314,2,80020305,78
760.83,1122.99,314,2,80020325,78
760.83,1179.39,314,2,80020345,78
760.83,1248.62,314,2,80020365,78
760.83,1303.74,314,2,80020385,78
760.83,1358.87,314,2,80020405,78
760.83,1412.71,314,2,80020425,78
760.83,1466.55,314,2,80020445,78
760.83,1522.96,314,2,80020465,78
760.83,1576.8,314,2,80020485,78
760.83,1684.48,314,2,80020505,78
760.83,1739.61,314,2,80020525,78
760.83,1794.73,314,2,80020545,78
760.83,1848.57,314,2,80020565,78
760.83,1903.7,314,2,80020585,78
760.83,1958.82,314,2,80020605,78
760.83,2028.05,314,2,80020625,78
760.83,2083.17,314,2,80020645,78
760.83,2138.29,314,2,80020665,78
760.83,2192.14,314,2,80020685,78
760.83,2245.98,314,2,80020705,78
760.83,2299.82,314,2,80020725,78
760.83,2356.22,314,2,80020745,78
760.83,2425.45,314,2,80020765,78
760.83,2480.57,314,2,80020785,78
760.83,2535.7,314,2,80020805,78
760.83,2589.54,314,2,80020825,78
760.83,2643.38,314,2,80020845,78
760.83,2699.79,314,2,80020865,78
760.83,2753.63,314,2,80020885,78
760.83,2824.14,314,2,80020905,78
760.83,2879.26,314,2,80020925,78
760.83,2933.1,314,2,80020945,78
760.83,2986.94,314,2,80020965,78
760.83,3040.79,314,2,80020985,78
760.83,3095.91,314,2,80021005,78
760.83,3151.03,314,2,80021025,78
760.83,3221.54,314,2,80021045,78
760.83,3275.38,314,2,80021065,78
760.83,3330.51,314,2,80021085,78
760.83,3384.35,314,2,80021105,78
760.83,3456.14,314,2,80021125,78
760.83,3509.98,314,2,80021145,78
760.83,3565.1,314,2,80021165,78
760.83,3620.23,314,2,80021185,78
760.83,3674.07,314,2,80021205,78
760.83,3727.91,314,2,80021225,78
760.83,3781.75,314,2,80021245,78
760.83,3879.18,314,2,80021265,78
760.83,3933.02,314,2,80021285,78
831.4,50,314,1,80010015,94
734.53,50,314,1,80010025,94
779.44,50,314,1,80010035,94
639.59,50,314,1,80010045,94
684.49,50,314,1,80010055,94
542.72,50,314,1,80010065,94
588.91,50,314,1,80010075,78
447.13,50,314,1,80010085,94
492.04,50,314,1,80010095,94
351.55,50,314,1,80010105,94
395.17,50,314,1,80010115,94
254.68,50,314,1,80010125,94
299.59,50,314,1,80010135,71
159.74,50,314,1,80010145,71
204.64,50,314,1,80010155,94
62.23,50,314,1,80010165,94
107.13,50,314,1,80010175,94
1014.87,3864.44,314,1,80021275,100
1014.87,3909.31,314,1,80021295,100
1014.87,3962.51,314,1,80021315,100
663.32,246.13,324,2,80030014,100
663.32,301.26,324,2,80030034,100
663.32,356.38,324,2,80030054,100
663.32,410.22,324,2,80030074,100
663.32,465.35,324,2,80030094,100
663.32,520.47,324,2,80030114,100
663.32,574.31,324,2,80030134,100
663.32,628.16,324,2,80030154,100
663.32,682,324,2,80030174,100
663.32,737.12,324,2,80030194,100
663.32,790.96,324,2,80030214,100
663.32,846.09,324,2,80030234,100
663.32,899.93,324,2,80030254,100
663.32,955.05,324,2,80030274,100
663.32,1010.18,324,2,80030294,100
663.32,1064.02,324,2,80030314,100
663.32,1117.86,324,2,80030334,100
663.32,1171.7,324,2,80030354,100
663.32,1226.83,324,2,80030374,100
663.32,1281.95,324,2,80030394,100
663.32,1335.79,324,2,80030414,100
663.32,1389.63,324,2,80030434,100
663.32,1446.04,324,2,80030454,100
663.32,1499.88,324,2,80030474,100
663.32,1553.72,324,2,80030494,100
663.32,1607.57,324,2,80030514,100
663.32,1676.79,324,2,80030534,100
663.32,1731.91,324,2,80030554,100
663.32,1785.76,324,2,80030574,100
663.32,1840.88,324,2,80030594,100
663.32,1894.72,324,2,80030614,100
663.32,1949.85,324,2,80030634,100
663.32,2004.97,324,2,80030654,100
663.32,2058.81,324,2,80030674,100
663.32,2112.65,324,2,80030694,100
663.32,2166.5,324,2,80030714,100
663.32,2221.62,324,2,80030734,100
663.32,2275.46,324,2,80030754,100
663.32,2330.59,324,2,80030774,100
663.32,2384.43,324,2,80030794,100
663.32,2440.83,324,2,80030814,100
663.32,2494.68,324,2,80030834,100
663.32,2548.52,324,2,80030854,100
663.32,2602.36,324,2,80030874,100
663.32,2656.2,324,2,80030894,100
663.32,2711.32,324,2,80030914,100
663.32,2766.45,324,2,80030934,100
663.32,2820.29,324,2,80030954,100
663.32,2874.13,324,2,80030974,100
663.32,2930.54,324,2,80030994,100
663.32,2984.38,324,2,80031014,100
663.32,3038.22,324,2,80031034,100
663.32,3092.06,324,2,80031054,100
663.32,3145.91,324,2,80031074,100
663.32,3202.31,324,2,80031094,100
663.32,3256.15,324,2,80031114,100
663.32,3310,324,2,80031134,100
663.32,3365.12,324,2,80031154,100
663.32,3420.24,324,2,80031174,100
663.32,3474.09,324,2,80031194,100
663.32,3527.93,324,2,80031214,100
663.32,3581.77,324,2,80031234,100
663.32,3636.89,324,2,80031254,100
663.32,3692.02,324,2,80031274,100
663.32,3745.86,324,2,80031294,100
663.32,3800.98,324,2,80031314,100
663.32,3854.82,324,2,80031334,100
663.32,3909.95,324,2,80031354,100
663.32,3963.79,324,2,80031374,100
424.68,246.13,324,2,80030024,100
424.68,301.26,324,2,80030044,100
424.68,356.38,324,2,80030064,100
424.68,453.81,324,2,80030084,100
424.68,507.65,324,2,80030104,100
424.68,564.06,324,2,80030124,100
424.68,617.9,324,2,80030144,100
424.68,671.74,324,2,80030164,100
424.68,728.15,324,2,80030184,100
424.68,781.99,324,2,80030204,100
424.68,852.5,324,2,80030224,100
424.68,907.62,324,2,80030244,100
424.68,961.46,324,2,80030264,100
424.68,1015.3,324,2,80030284,100
424.68,1069.15,324,2,80030304,100
424.68,1122.99,324,2,80030324,100
424.68,1178.11,324,2,80030344,100
424.68,1248.62,324,2,80030364,100
424.68,1302.46,324,2,80030384,100
424.68,1358.87,324,2,80030404,100
424.68,1412.71,324,2,80030424,100
424.68,1467.83,324,2,80030444,100
424.68,1522.96,324,2,80030464,100
424.68,1576.8,324,2,80030484,100
424.68,1647.31,324,2,80030504,100
424.68,1702.43,324,2,80030524,100
424.68,1756.27,324,2,80030544,100
424.68,1810.11,324,2,80030564,100
424.68,1863.96,324,2,80030584,100
424.68,1919.08,324,2,80030604,100
424.68,1974.2,324,2,80030624,100
424.68,2043.43,324,2,80030644,100
424.68,2099.83,324,2,80030664,100
424.68,2153.68,324,2,80030684,100
424.68,2208.8,324,2,80030704,100
424.68,2262.64,324,2,80030724,100
424.68,2317.77,324,2,80030744,100
424.68,2371.61,324,2,80030764,100
424.68,2443.4,324,2,80030784,100
424.68,2497.24,324,2,80030804,100
424.68,2551.08,324,2,80030824,100
424.68,2604.92,324,2,80030844,100
424.68,2658.76,324,2,80030864,100
424.68,2715.17,324,2,80030884,100
424.68,2769.01,324,2,80030904,100
424.68,2839.52,324,2,80030924,100
424.68,2894.64,324,2,80030944,100
424.68,2949.77,324,2,80030964,100
424.68,3003.61,324,2,80030984,100
424.68,3058.73,324,2,80031004,100
424.68,3112.58,324,2,80031024,100
424.68,3166.42,324,2,80031044,100
424.68,3238.21,324,2,80031064,100
424.68,3292.05,324,2,80031084,100
424.68,3345.89,324,2,80031104,100
424.68,3399.73,324,2,80031124,100
424.68,3471.52,324,2,80031144,100
424.68,3525.36,324,2,80031164,100
424.68,3580.49,324,2,80031184,100
424.68,3635.61,324,2,80031204,100
424.68,3689.45,324,2,80031224,100
424.68,3744.58,324,2,80031244,100
424.68,3798.42,324,2,80031264,100
424.68,3894.57,324,2,80031284,100
424.68,3949.69,324,2,80031304,100
327.17,246.13,324,2,80040014,100
327.17,302.54,324,2,80040034,100
327.17,356.38,324,2,80040054,100
327.17,411.51,324,2,80040074,100
327.17,465.35,324,2,80040094,100
327.17,519.19,324,2,80040114,100
327.17,574.31,324,2,80040134,100
327.17,628.16,324,2,80040154,100
327.17,682,324,2,80040174,100
327.17,735.84,324,2,80040194,100
327.17,792.25,324,2,80040214,100
327.17,846.09,324,2,80040234,100
327.17,901.21,324,2,80040254,100
327.17,955.05,324,2,80040274,100
327.17,1010.18,324,2,80040294,100
327.17,1064.02,324,2,80040314,100
327.17,1117.86,324,2,80040334,100
327.17,1171.7,324,2,80040354,100
327.17,1225.54,324,2,80040374,100
327.17,1281.95,324,2,80040394,100
327.17,1335.79,324,2,80040414,100
327.17,1390.92,324,2,80040434,100
327.17,1446.04,324,2,80040454,100
327.17,1499.88,324,2,80040474,100
327.17,1553.72,324,2,80040494,100
327.17,1607.57,324,2,80040514,100
327.17,1676.79,324,2,80040534,100
327.17,1730.63,324,2,80040554,100
327.17,1787.04,324,2,80040574,100
327.17,1840.88,324,2,80040594,100
327.17,1894.72,324,2,80040614,100
327.17,1949.85,324,2,80040634,100
327.17,2004.97,324,2,80040654,100
327.17,2058.81,324,2,80040674,100
327.17,2112.65,324,2,80040694,100
327.17,2166.5,324,2,80040714,100
327.17,2220.34,324,2,80040734,100
327.17,2276.74,324,2,80040754,100
327.17,2330.59,324,2,80040774,100
327.17,2385.71,324,2,80040794,100
327.17,2439.55,324,2,80040814,100
327.17,2494.68,324,2,80040834,100
327.17,2548.52,324,2,80040854,100
327.17,2602.36,324,2,80040874,100
327.17,2656.2,324,2,80040894,100
327.17,2711.32,324,2,80040914,100
327.17,2766.45,324,2,80040934,100
327.17,2820.29,324,2,80040954,100
327.17,2875.41,324,2,80040974,100
327.17,2930.54,324,2,80040994,100
327.17,2984.38,324,2,80041014,100
327.17,3038.22,324,2,80041034,100
327.17,3092.06,324,2,80041054,100
327.17,3145.91,324,2,80041074,100
327.17,3201.03,324,2,80041094,100
327.17,3256.15,324,2,80041114,100
327.17,3310,324,2,80041134,100
327.17,3366.4,324,2,80041154,100
327.17,3420.24,324,2,80041174,100
327.17,3474.09,324,2,80041194,100
327.17,3527.93,324,2,80041214,100
327.17,3581.77,324,2,80041234,100
327.17,3636.89,324,2,80041254,100
327.17,3692.02,324,2,80041274,100
327.17,3745.86,324,2,80041294,100
327.17,3799.7,324,2,80041314,100
327.17,3856.11,324,2,80041334,100
327.17,3909.95,324,2,80041354,100
327.17,3963.79,324,2,80041374,100
82.11,246.13,324,2,80040024,100
82.11,301.26,324,2,80040044,100
82.11,356.38,324,2,80040064,100
82.11,410.22,324,2,80040084,100
82.11,465.35,324,2,80040104,100
82.11,520.47,324,2,80040124,100
82.11,574.31,324,2,80040144,100
82.11,628.16,324,2,80040164,100
82.11,682,324,2,80040184,100
82.11,737.12,324,2,80040204,100
82.11,790.96,324,2,80040224,100
82.11,846.09,324,2,80040244,100
82.11,899.93,324,2,80040264,100
82.11,955.05,324,2,80040284,100
82.11,1010.18,324,2,80040304,100
82.11,1064.02,324,2,80040324,100
82.11,1117.86,324,2,80040344,100
82.11,1171.7,324,2,80040364,100
82.11,1226.83,324,2,80040384,100
82.11,1281.95,324,2,80040404,100
82.11,1335.79,324,2,80040424,100
82.11,1389.63,324,2,80040444,100
82.11,1446.04,324,2,80040464,100
82.11,1499.88,324,2,80040484,100
82.11,1553.72,324,2,80040504,100
82.11,1607.57,324,2,80040524,100
82.11,1676.79,324,2,80040544,100
82.11,1731.91,324,2,80040564,100
82.11,1785.76,324,2,80040584,100
82.11,1840.88,324,2,80040604,100
82.11,1894.72,324,2,80040624,100
82.11,1949.85,324,2,80040644,100
82.11,2004.97,324,2,80040664,100
82.11,2058.81,324,2,80040684,100
82.11,2112.65,324,2,80040704,100
82.11,2166.5,324,2,80040724,100
82.11,2221.62,324,2,80040744,100
82.11,2275.46,324,2,80040764,100
82.11,2330.59,324,2,80040784,100
82.11,2384.43,324,2,80040804,100
82.11,2440.83,324,2,80040824,100
82.11,2494.68,324,2,80040844,100
82.11,2548.52,324,2,80040864,100
82.11,2602.36,324,2,80040884,100
82.11,2656.2,324,2,80040904,100
82.11,2711.32,324,2,80040924,100
82.11,2766.45,324,2,80040944,100
82.11,2820.29,324,2,80040964,100
82.11,2874.13,324,2,80040984,100
82.11,2930.54,324,2,80041004,100
82.11,2984.38,324,2,80041024,100
82.11,3038.22,324,2,80041044,100
82.11,3092.06,324,2,80041064,100
82.11,3145.91,324,2,80041084,100
82.11,3202.31,324,2,80041104,100
82.11,3256.15,324,2,80041124,100
82.11,3310,324,2,80041144,100
82.11,3365.12,324,2,80041164,100
82.11,3420.24,324,2,80041184,100
82.11,3474.09,324,2,80041204,100
82.11,3527.93,324,2,80041224,100
82.11,3581.77,324,2,80041244,100
82.11,3638.18,324,2,80041264,100
82.11,3692.02,324,2,80041284,100
82.11,3745.86,324,2,80041304,100
82.11,3800.98,324,2,80041324,100
82.11,3854.82,324,2,80041344,100
82.11,3909.95,324,2,80041364,100
82.11,3963.79,324,2,80041384,100
1011.02,4176.59,324,2,80050014,100
957.14,4176.59,324,2,80050024,100
901.97,4176.59,324,2,80050034,100
848.08,4176.59,324,2,80050044,100
792.91,4176.59,324,2,80050054,100
737.74,4176.59,324,2,80050064,100
683.85,4176.59,324,2,80050074,100
629.97,4176.59,324,2,80050084,100
574.8,4176.59,324,2,80050094,100
520.91,4176.59,324,2,80050104,100
465.74,4176.59,324,2,80050114,100
411.85,4176.59,324,2,80050124,100
356.68,4176.59,324,2,80050134,100
227.1,4176.59,324,2,80050144,100
171.93,4176.59,324,2,80050154,100
118.04,4176.59,324,2,80050164,100
64.15,4176.59,324,2,80050174,100